"Aachener Kunstblätter / Museumsverein Aachen","http://nwbib.de/HT001386285"
"Abhandlungen aus dem Westfälischen Museum für Naturkunde","http://nwbib.de/HT002154232"
"ABI-Technik : Zeitschrift für Automation, Bau und Technik im Archiv-, Bibliotheks- und Informationswesen","http://nwbib.de/HT002182357"
"ABU-Info / Arbeitsgemeinschaft Biologischer Umweltschutz im Kreis Soest","http://nwbib.de/HT006890171"
"Abwasserreport / Kommunal- und Abwasserberatung NRW GmbH","http://nwbib.de/HT015346735"
"Achera : Beiträge zur Geschichte der Gemeinde Overath","http://nwbib.de/HT006927594"
"Acta biologica Benrodis / Museum für Naturkunde, Benrath","http://nwbib.de/HT007031981"
"Acta Universitatis Carolinae / Studia Territorialia","http://nwbib.de/HT013426261"
"Agard-Magazin : die Zeitschrift der AGARD, Arbeitsgemeinschaft Amphibien- und Reptilienschutz in Dortmund","http://nwbib.de/HT011135524"
"Agrar- und Umweltrecht : Zeitschrift für das gesamte Recht der Landwirtschaft, der Agrarmärkte und des ländlichen Raumes","http://nwbib.de/HT013574325"
"Ahauser Heimatbrief / Heimatverein Ahaus von 1902 e.V.","http://nwbib.de/HT015080209"
"AKP : Fachzeitschrift für alternative Kommunalpolitik","http://nwbib.de/HT004019790"
"Aktive Senioren : das Magazin für Schwerte","http://nwbib.de/HT007497332"
"Alte und neue Kunst / Verein für christliche Kunst im Erzbistum Paderborn und in den Bistümern Fulda und Hildesheim e.V.","http://nwbib.de/HT007007347"
"Altenberger Blätter : Beiträge aus der Vergangenheit und Gegenwart Altenbergs","http://nwbib.de/HT009821451"
"An Bigge, Lenne und Fretter : heimatkundliche Beiträge aus der Gemeinde Finnentrop","http://nwbib.de/HT007216566"
"An Möhne, Röhr und Ruhr / Heimatbund Neheim-Hüsten e.V.","http://nwbib.de/HT007066969"
"An Niers und Kendel : historische Zeitschrift für Stadt Goch und Umgebung","http://nwbib.de/HT006981789"
"An Ruhr, Valme und Elpe : heimatkundliche Beiträge aus den Dörfern der Gemeinde Bestwig","http://nwbib.de/HT015783600"
"Analecta Coloniensia : Jahrbuch der Diözesan- und Dombibliothek Köln","http://nwbib.de/HT013557848"
"Andererseits : yearbook of transatlantic German studies","http://nwbib.de/HT016411554"
"Angelmodde : Chronik des ""Heimatfreunde Angelmodde e.V.""","http://nwbib.de/HT007046060"
"Annalen des Historischen Vereins für den Niederrhein, insbesondere das Alte Erzbistum Köln","http://nwbib.de/HT000178865"
"Anrather Heimatbuch / Bürgerverein Anrath e.V.","http://nwbib.de/HT007000181"
"Anschnitt : Mitteilungsblatt der Vereinigung der Freunde von Kunst und Kultur im Bergbau","http://nwbib.de/HT001391026"
"Antike Welt : Zeitschrift für Archäologie und Kulturgeschichte","http://nwbib.de/HT001310619"
"Arbeitsblätter des Arbeitskreises Nordrhein-Westfälischer Papierrestauratoren","http://nwbib.de/HT007037604"
"Archäologie im Rheinland / Landschaftsverband Rheinland, Rheinisches Amt für Bodendenkmalpflege","http://nwbib.de/HT017784848"
"Archäologie in Deutschland / Verband der Landesarchäologen in der Bundesrepublik Deutschland","http://nwbib.de/HT003374528"
"Archäologie in Ostwestfalen : Jahresgabe / Gesellschaft zur Förderung der Archäologie in Ostwestfalen e.V.","http://nwbib.de/HT007754287"
"Archäologie in Westfalen-Lippe / LWL-Archäologie für Westfalen ; Altertumskommission für Westfalen","http://nwbib.de/HT016604485"
"Archäologische Informationen : Mitteilungen zur Ur- und Frühgeschichte","http://nwbib.de/HT006903709"
"Archäologisches Korrespondenzblatt : Urgeschichte, Römerzeit, Frühmittelalter","http://nwbib.de/HT004277812"
"Architectura : Zeitschrift für Geschichte der Baukunst","http://nwbib.de/HT005066181"
"Archiv : Magazin für Kommunikationsgeschichte","http://nwbib.de/HT013395134"
"Archiv des Badewesens : Fachzeitschrift für Praxis, Technik, Wissenschaft und Betriebswirtschaft","http://nwbib.de/HT005077187"
"Archiv für Familiengeschichtsforschung : AfF","http://nwbib.de/HT007519910"
"Archiv für Reformationsgeschichte : internationale Zeitschrift zur Erforschung der Reformation und ihrer Weltwirkungen","http://nwbib.de/HT005065979"
"Archiv für Sozialgeschichte / Friedrich-Ebert-Stiftung","http://nwbib.de/HT002183670"
"Archiv und Wirtschaft : Zeitschrift für das Archivwesen der Wirtschaft","http://nwbib.de/HT005066180"
"Archivar : Zeitschrift für Archivwesen","http://nwbib.de/HT001387888"
"Archivmitteilungen / Evangelische Kirche von Westfalen, Landeskirchliches Archiv","http://nwbib.de/HT012620924"
"Archivpflege in Westfalen-Lippe / LWL, Archivamt für Westfalen","http://nwbib.de/HT013752982"
"ATT : Europas größte Astronomie-Börse in Essen","http://nwbib.de/HT018498827"
"Attendorn gestern und heute / Verein für Orts- und Heimatkunde Attendorn e.V.","http://nwbib.de/HT006989177"
"Auf Klei und Sand : Jahresbericht des Heimatvereins Wadersloh","http://nwbib.de/HT007061513"
"Aus dem Antiquariat : Zeitschrift für Antiquare und Büchersammler","http://nwbib.de/HT001381996"
"Aus evangelischen Archiven","http://nwbib.de/HT007063129"
"Ausgrabungen und Funde in Westfalen-Lippe : AFWL","http://nwbib.de/HT003552573"
"Bauhandwerk : Fachzeitschrift für die gewerkeübergreifende Bauausführung in Neubau und Sanierung","http://nwbib.de/HT007015523"
"Baumeister : Zeitschrift für Architektur","http://nwbib.de/HT001381293"
"Baurecht : Zeitschrift für das gesamte öffentliche und zivile Baurecht","http://nwbib.de/HT005061919"
"Bauwelt","http://nwbib.de/HT005072105"
"Beflügelte Aal : Heimatliches aus Ahlen, Vorhelm, Dolberg","http://nwbib.de/HT006989242"
"Beiträge zur Chronik Zyfflichs : Schriftenreihe der Dorfgemeinschaft Zyfflich","http://nwbib.de/HT014177943"
"Beiträge zur Geschichte der Stadt Emmerich / Emmericher Geschichtsverein e.V.","http://nwbib.de/HT004951306"
"Beiträge zur Geschichte der Stadt Hennef","http://nwbib.de/HT015469255"
"Beiträge zur Geschichte Dortmunds und der Grafschaft Mark / Historischer Verein für Dortmund und die Grafschaft Mark","http://nwbib.de/HT001369034"
"Beiträge zur Heimatkunde der Stadt Schwelm und ihrer Umgebung / Verein für Heimatkunde Schwelm","http://nwbib.de/HT001390988"
"Beiträge zur Heimatkunde der Städte Löhne und Bad Oeynhausen / Heimatverein der Stadt Löhne e.V.","http://nwbib.de/HT006997497"
"Beiträge zur Heimatkunde für Iserlohn und den märkischen Raum / Förderkreis Iserlohner Museen","http://nwbib.de/HT009417363"
"Beiträge zur Lügder Geschichte : heimat- und familienkundliche Reihe zur Geschichte Lügdes, der ehemaligen Residenzstadt der Grafschaft Pyrmont sowie der alten Grafschaft Pyrmont","http://nwbib.de/HT007038397"
"Beiträge zur Naturkunde zwischen Egge und Weser / Naturkundlicher Verein Egge-Weser","http://nwbib.de/HT014526405"
"Beiträge zur Oberbergischen Geschichte / Oberbergische Abt. 1924 e.V. des Bergischen Geschichtsvereins","http://nwbib.de/HT007053555"
"Beiträge zur Rheinkunde : Mitteilungen des Vereins Rhein-Museum e.V.","http://nwbib.de/HT006911909"
"Beiträge zur Tier- und Pflanzenwelt des Kreises Siegen-Wittgenstein / Biologische Station Rothaargebirge. NABU, Kreisverband Siegen-Wittgenstein","http://nwbib.de/HT012347000"
"Beiträge zur westfälischen Familienforschung / Westfälische Gesellschaft für Genealogie und Familienforschung","http://nwbib.de/HT001392452"
"Bembix : Rundbrief für alle Freunde der akuleaten Hymenopteren","http://nwbib.de/HT007073095"
"Bensberger Bote / Bergischer Geschichtsverein Rhein-Berg e.V., Arbeitskreis Genealogie","http://nwbib.de/HT017481106"
"Bergbau : Zeitschrift für Rohstoffgewinnung, Energie, Umwelt","http://nwbib.de/HT006462574"
"Bergische Blätter : Magazin für das Bergische Land","http://nwbib.de/HT006934513"
"Bericht des Naturwissenschaftlichen Vereins für Bielefeld und Umgegend","http://nwbib.de/HT005074517"
"Berichte / Deutsche Akademie für Landeskunde e.V. ; Leibniz-Institut für Länderkunde","http://nwbib.de/HT017664297"
"Berichte aus dem LVR-LandesMuseum Bonn","http://nwbib.de/HT016559672"
"Berichte aus den Arbeitskreisen Heimische Orchideen : Beiträge zur Erhaltung, Erforschung und Verbreitung heimischer Orchideen","http://nwbib.de/HT002930084"
"Betonprisma : Beiträge zur Architektur","http://nwbib.de/HT002962995"
"Bibliothek : Forschung und Praxis","http://nwbib.de/HT002185029"
"Bibliotheksdienst : Organ der Bibliothek & Information Deutschland (BID)","http://nwbib.de/HT002215043"
"Bilker Sternwarte : Organ des Sankt-Sebastianus-Schützenvereins Bilk","http://nwbib.de/HT006984910"
"Blätter für deutsche Landesgeschichte / Gesamtverein der Deutschen Geschichts- und Altertumsvereine","http://nwbib.de/HT002185251"
"Blätter zur Geschichte Hahns und Friesenraths","http://nwbib.de/HT007059547"
"Blickpunkt / Gemeinde Wenden","http://nwbib.de/HT012839297"
"Bochumer Zeitpunkte : Beiträge zur Stadtgeschichte, Heimatkunde und Denkmalpflege","http://nwbib.de/HT007048176"
"Bommeraner Blätter / Heimat- und Geschichtsverein Bommern e.V.","http://nwbib.de/HT007059896"
"Bonner Beethoven-Studien","http://nwbib.de/HT012819873"
"Bonner Geschichtsblätter / Bonner Heimat- und Geschichtsverein","http://nwbib.de/HT001250223"
"Bonner Jahrbücher des Rheinischen Landesmuseums in Bonn und des Rheinischen Amtes für Bodendenkmalpflege im Landschaftsverband Rheinland und des Vereins von Altertumsfreunden im Rheinlande","http://nwbib.de/HT016290365"
"Borbecker Beiträge:  Mitgliederbrief des Kultur-Historischen Vereins Borbeck e.V.","http://nwbib.de/HT015911157"
"Boreas <Münster> : Münstersche Beiträge zur Archäologie","http://nwbib.de/HT006317667"
"Borghorster Heimatblätter / Heimatverein Borghorst","http://nwbib.de/HT006988707"
"Brackweder Heimatblätter / Heimatverein für den Amtsbezirk Brackwede","http://nwbib.de/HT006947171"
"Brand - heimatkundliche Blätter","http://nwbib.de/HT007053593"
"Breckerfelder Telegraph : Informationen aus Kommunalpolitik, Kultur und Vereinen","http://nwbib.de/HT006985550"
"Briefe aus der Abtei Gerleve / Benediktinerabtei, Gerleve","http://nwbib.de/HT007066244"
"Brühler Heimatblätter zur heimatlichen Geschichte, Natur- und Volkskunde für Brühl und Umgebung","http://nwbib.de/HT006932814"
"BuB : Forum Bibliothek und Information","http://nwbib.de/HT012903280"
"Bürgerbuch Gronau und Epe : mit einem Rückblick auf das Jahr","http://nwbib.de/HT007043581"
"Bürger-Info / Bürgerverein Vohwinkel","http://nwbib.de/HT017163411"
"Bürgerschützen : Jahresheft für Mitglieder und Freunde des IBSV","http://nwbib.de/HT013437699"
"Build : das Architekten-Magazin","http://nwbib.de/HT013186387"
"Bumbacher / Heimat- und Geschichtsverein der Katholischen Kirchengemeinde Kirchrarbach e.V.","http://nwbib.de/HT016448722"
"Burgen und Schlösser : Zeitschrift für Burgenforschung und Denkmalpflege","http://nwbib.de/HT005069273"
"Caritas : Jahrbuch des Deutschen Caritasverbandes","http://nwbib.de/HT001359314"
"Cellina : Zeitschrift des Kellener Heimat- und Kulturvereins e.V.","http://nwbib.de/HT007063206"
"Charadrius : Zeitschrift für Vogelkunde, Vogelschutz und Naturschutz in Nordrhein-Westfalen","http://nwbib.de/HT004491003"
"Chrismon plus / Rheinland : das evangelische Magazin","http://nwbib.de/HT014010958"
"Cinclus : vogelkundliche Beiträge des Bundes für Vogelschutz und Vogelkunde e.V.","http://nwbib.de/HT006962147"
"Cis Hilinciweg / Heiligenhauser Geschichtsvereins e.V.","http://nwbib.de/HT004442853"
"Cistercienserchronik : Forum für Geschichte, Kunst, Literatur und Spiritualität des Mönchtums","http://nwbib.de/HT005066221"
"Colonia Romanica : Jahrbuch des Fördervereins Romanische Kirchen Köln e.V.","http://nwbib.de/HT002959647"
"Colore : das Farbmagazin / Brillux GmbH & Co. KG","http://nwbib.de/HT018187095"
"Computer spezial : Software für Architekten, Ingenieure, Bauunternehmen","http://nwbib.de/HT007489466"
"Concilium medii aevi : Zeitschrift für Geschichte, Kunst und Kultur des Mittelalters und der Frühen Neuzeit  ","http://nwbib.de/HT012984988"
"Correspondenz : Mitteilungen der Robert-Schumann-Gesellschaft e.V.","http://nwbib.de/HT006918497"
"Dä Bott : Lanker Heimatblätter","http://nwbib.de/HT007075789"
"Damals & heute : Informationen zu Geschichte, Natur und Heimatpflege aus Delbrück","http://nwbib.de/HT014846303"
"Damals : das Magazin für Geschichte und Kultur","http://nwbib.de/HT006550356"
"Decheniana : Verhandlungen des Naturhistorischen Vereins der Rheinlande und Westfalens","http://nwbib.de/HT001379259"
"Denkmalpflege im Rheinland / Landschaftsverband Rheinland, LVR-Amt für Denkmalpflege im Rheinland","http://nwbib.de/HT006918930"
"Denkmalpflege in Westfalen-Lippe / LWL-Amt für Denkmalpflege in Westfalen im Auftrag des Landschaftsverbandes Westfalen-Lippe","http://nwbib.de/HT007071151"
"Deutsche Bauzeitschrift : Architektur, Entwurf, Detail","http://nwbib.de/HT002187669"
"Deutsche Bauzeitung <Leinfelden-Echterdingen> : Zeitschrift für Architekten und Bauingenieure","http://nwbib.de/HT002187671"
"Deutsche Bühne : Theatermagazin","http://nwbib.de/HT002187692"
"Deutsche Jugend : Zeitschrift für Jugendfragen und Jugendarbeit","http://nwbib.de/HT001243074"
"Deutsche Schule <Münster, Westfalen> : Zeitschrift für Erziehungswissenschaft, Bildungspolitik und pädagogische Praxis","http://nwbib.de/HT005072152"
"Deutsche Verwaltungspraxis : Fachzeitschrift für die öffentliche Verwaltung","http://nwbib.de/HT007015266"
"Deutsches Verwaltungsblatt : DVBL","http://nwbib.de/HT000531846"
"DIE-Zeitschrift für Erwachsenenbildung / Deutsches Institut für Erwachsenenbildung","http://nwbib.de/HT006428459"
"Doopsgezinde bijdragen","http://nwbib.de/HT004169093"
"Dorfbote : Mitteilungen des Heimatvereins Norddinker, Vöckinghausen und Frielinghausen","http://nwbib.de/HT004982425"
"Dortmunder Beiträge zur Landeskunde : naturwissenschaftliche Mitteilungen","http://nwbib.de/HT001377872"
"Droste-Jahrbuch / Annette-von-Droste-Gesellschaft","http://nwbib.de/HT002908286"
"Duisburger Jahrbuch / Duisburg","http://nwbib.de/HT005043708"
"Dülmener Heimatblätter / Verkehrs- und Heimatverein Dülmen","http://nwbib.de/HT006991019"
"Dürener Geschichtsblätter : Mitteilungen des Dürener Geschichtsvereins","http://nwbib.de/HT006955096"
"Düsseldorfer Familienkunde : genealogische Beiträge, Literatur, Suchfragen, Auskunft","http://nwbib.de/HT006934307"
"Düsseldorfer Jahrbuch : Beiträge zur Geschichte des Niederrheins","http://nwbib.de/HT002190696"
"Eggegebirgsbote : Mitteilungsblätter des Eggegebirgsvereins e.V.","http://nwbib.de/HT006991006"
"Eifel : Zeitschrift des Eifelvereins","http://nwbib.de/HT002190930"
"Eifel-Jahrbuch / Eifelverein","http://nwbib.de/HT002870984"
"Eilendorfer Heimatblätter / Heimatverein Eilendorf 1983 e.V.","http://nwbib.de/HT003497718"
"Einband-Forschung : Informationsblatt des Arbeitskreises für die Erfassung, Erschliessung und Erhaltung Historischer Bucheinbände","http://nwbib.de/HT007960266"
"Einst und jetzt <Stamsried> : Jahrbuch des Vereins für corpsstudentische Geschichtsforschung","http://nwbib.de/HT006924061"
"Eisenbahn-Geschichte / Deutsche Gesellschaft für Eisenbahngeschichte","http://nwbib.de/HT013824462"
"Eitorfer Heimatblätter / Heimatverein Eitorf e.V.","http://nwbib.de/HT007439648"
"Elsener Nachrichten / Heimat- und Verkehrsverein Elsen e.V.","http://nwbib.de/HT008398774"
"Emmerickblätter : Mitteilungen des Emmerick-Bundes e.V.","http://nwbib.de/HT010830961"
"Emsdettener Heimatblätter / Heimatbund Emsdetten","http://nwbib.de/HT006985614"
"Emw : Zeitschrift für Energie, Markt, Wettbewerb","http://nwbib.de/HT013790759"
"Engagement : Zeitschrift für Erziehung und Schule","http://nwbib.de/HT006976810"
"Ennepetaler Forschungen : Veröffentlichungen des Arbeitskreises Stadtgeschichte am Stadtarchiv in Ennepetal","http://nwbib.de/HT011110646"
"Entomologie heute / Löbbecke-Museum + Aquazoo Düsseldorf","http://nwbib.de/HT014012148"
"Esloher Museumsnachrichten / Maschinen- und Heimatmuseum","http://nwbib.de/HT007071314"
"Essener Beiträge : Beiträge zur Geschichte von Stadt und Stift Essen","http://nwbib.de/HT006196944"
"Evingser Quellen / Heimatverein Evingsen e.V.","http://nwbib.de/HT008076802"
"Fassade : Fassaden-Architektur und -Technik","http://nwbib.de/HT007058716"
"Feuerwehreinsatz : nrw","http://nwbib.de/HT017528790"
"Fitterkiste : Geschichtliches aus Winterberg und seinen Dörfern","http://nwbib.de/HT007052602"
"Flaesheim : Beiträge zur Geschichte","http://nwbib.de/HT013946670"
"Floristische Rundbriefe","http://nwbib.de/HT003131749"
"Fono-Forum : Klassik, Jazz, Hifi","http://nwbib.de/HT001362413"
"Forstwald : Mitteilungen des Bürgervereins","http://nwbib.de/HT007065016"
"Fortis: das Magazin / Fortis Colonia e.V.","http://nwbib.de/HT017647103"
"Forum Geschichtskultur Ruhr","http://nwbib.de/HT016795011"
"Francia <Ostfildern>","http://nwbib.de/HT015865111"
"Freckenhorst : Schriftenreihe des Freckenhorster Heimatvereins","http://nwbib.de/HT006995604"
"Freilichtblick / Bergisches Freilichtmuseum für Ökologie und Bäuerlich-Handwerkliche Kultur, Lindlar","http://nwbib.de/HT007072268"
"Freilichtmagazin : Mitteilungen aus dem LWL-Freilichtmuseum Detmold - Landesmuseum für Volkskunde","http://nwbib.de/HT015035669"
"Freudenberg im Zeitgeschehen / Arbeitsgemeinschaft Freudenberger Heimatvereine","http://nwbib.de/HT006954201"
"Gaesdoncker Blätter / Collegium Augustinianum, Gaesdonk, Goch","http://nwbib.de/HT006984932"
"Geldgeschichtliche Nachrichten : Sammlerzeitschrift für Münzkunde und verwandte Gebiete","http://nwbib.de/HT006952107"
"Geldrischer Heimatkalender / Kreis Geldern","http://nwbib.de/HT006934300"
"Gemeindehaushalt : Fachzeitschrift für das kommunale Haushalts- und Wirtschaftsrecht, Kassen-, Rechnungs- und Prüfungswesen sowie das gesamte kommunale Abgabenrecht","http://nwbib.de/HT000136126"
"Geographische Rundschau <Braunschweig> : GR","http://nwbib.de/HT002193119"
"German history : the journal of the German History Society","http://nwbib.de/HT005079611"
"Germania : Anzeiger des Römisch-Germanischen Kommission des Deutschen Archäologischen Instituts","http://nwbib.de/HT005072062"
"Geschichte im Bistum Aachen","http://nwbib.de/HT004446528"
"Geschichte im Westen : Zeitschrift für Landes- und Zeitgeschichte","http://nwbib.de/HT003169025"
"Geschichte im Wuppertal / Bergischer Geschichtsverein, Abteilung Wuppertal ; Historisches Zentrum ; Stadtarchiv ; Stadtbibliothek","http://nwbib.de/HT007057390"
"Geschichte in Bergheim : Jahrbuch des Bergheimer Geschichtsvereins e.V.","http://nwbib.de/HT007056225"
"Geschichte in Köln : Zeitschrift für Stadt- und Regionalgeschichte","http://nwbib.de/HT005073887"
"Geschichte und Gesellschaft : Zeitschrift für historische Sozialwissenschaft","http://nwbib.de/HT001378416"
"Geschichtsblätter des Kreises CGeesfeld : unser Kreis - Geschichte und Geschehen","http://nwbib.de/HT006968344"
"Geschichtsbrief / Heimat- und Verschönerungs-Verein Kervendonk-Kervenheim","http://nwbib.de/HT007072095"
"Geschichtsbrief Bedburg-Hau","http://nwbib.de/HT014812191"
"GIB-Info : Magazin der Gesellschaft für Innovative Beschäftigungsförderung des Landes Nordrhein-Westfalen
","http://nwbib.de/HT007401236"
"Gießerjunge / Freunde Düsseldorfer Buch ’75 e.V.","http://nwbib.de/HT007072426"
"Gladbeck, unsere Stadt : Zeitschrift für Information, Werbung, Kultur und Heimatpflege","http://nwbib.de/HT006998047"
"Godesberger Heimatblätter : Jahresheft des Vereins für Heimatpflege und Heimatgeschichte Bad Godesberg","http://nwbib.de/HT006952916"
"Grabbe-Jahrbuch / Grabbe-Gesellschaft","http://nwbib.de/HT002156174"
"Grevener Geschichtsblätter / Stadtarchiv Greven","http://nwbib.de/HT014473220"
"Gutenberg-Jahrbuch / Gutenberg-Gesellschaft","http://nwbib.de/HT001384187"
"Güterbahnen : Güterverkehr auf der Schiene ; Markt, Technik, Verkehrspolitik","http://nwbib.de/HT013558068"
"Gütersloher Beiträge zur Heimat- und Landeskunde : Vergangenheit und Gegenwart in Wort und Bild","http://nwbib.de/HT006952918"
"HagenBuch : Impulse zur Stadt-, Heimat- und Kunstgeschichte","http://nwbib.de/HT014925584"
"Haldern einst und jetzt / Heimatverein Haldern e.V.","http://nwbib.de/HT006935846"
"Halingen : zwischen Ruhr und Wälkesberg","http://nwbib.de/HT008492529"
"Halterner Jahrbuch / Heimatfreunde Haltern","http://nwbib.de/HT007054425"
"Hamminkeln ruft / Hamminkelner Verkehrsverein e.V.","http://nwbib.de/HT007063205"
"Handirk : Grafschaft, Latrop, Schanze in Wort und Bild","http://nwbib.de/HT007037655"
"Hansische Geschichtsblätter / Hansischer Geschichtsverein","http://nwbib.de/HT002194568"
"Heimat : Beiträge zur Geschichte Solingens und des Bergischen Landes","http://nwbib.de/HT006986883"
"Heimat : Krefelder Jahrbuch","http://nwbib.de/HT004515005"
"Heimat Dortmund / Historischer Vereins für Dortmund und die Grafschaft Mark e.V.","http://nwbib.de/HT003232856"
"Heimat- und Rathausspiegel : Informationszeitschrift der Verwaltung und der Heimatvereine Heek und Nienborg","http://nwbib.de/HT006988468"
"Heimat zwischen Sülz und Dhünn : Geschichte und Volkskunde in Bergisch Gladbach und Umgebung","http://nwbib.de/HT007071349"
"Heimatblatt für Nienberge / Heimatverein Nienberge","http://nwbib.de/HT006996116"
"Heimat-Blatt Unterrath-Lichtenbroich / Bürgerverein Unterrath 1909 e.V.","http://nwbib.de/HT006933578"
"Heimatblätter / Heimat & Geschichtsverein Neunkirchen-Seelscheid e.V.","http://nwbib.de/HT006994029"
"Heimatblätter / Heimatbund für den Kreis Lippstadt","http://nwbib.de/HT006991655"
"Heimatblätter : Zeitschrift des Arnsberger Heimatbundes e.V.","http://nwbib.de/HT006989103"
"Heimatbote Schwalmtal / Freunde der Amerner und Dilkrather Heimat","http://nwbib.de/HT007042794"
"Heimatbuch des Kreises Viersen","http://nwbib.de/HT006916592"
"Heimat-Echo / Heimatverein Werth","http://nwbib.de/HT007060338"
"Heimat-Jahrbuch Kreis Gütersloh / Kreis Gütersloh","http://nwbib.de/HT006989136"
"Heimat-Jahrbuch Wittlaer / Heimat- und Kulturkreis Wittlaer e.V.","http://nwbib.de/HT006934472"
"Heimatkalender der Herrlichkeit Lembeck und der Stadt Dorsten / Heimatbund Herrlichkeit Lembeck und Stadt Dorsten e.V.","http://nwbib.de/HT014598964"
"Heimatkalender des Kreises Heinsberg / Kreis Heinsberg","http://nwbib.de/HT006933516"
"Heimatkalender Kreis Soest / Kreis Soest","http://nwbib.de/HT006984941"
"Heimatpflege in Westfalen / Westfälischer Heimatbund","http://nwbib.de/HT006985596"
"Heimat-Zeitung / Verein für Geschichte und Heimatpflege Niederense-Himmelpforten e.V.","http://nwbib.de/HT013186359"
"Heine-Jahrbuch / Heinrich-Heine-Institut, Düsseldorf","http://nwbib.de/HT001364304"
"Herdecker Blätter : Geschichte, Informationen, Geschichten","http://nwbib.de/HT007072452"
"Herold / Herold, Verein für Heraldik, Genealogie und Verwandte Wissenschaften","http://nwbib.de/HT001368435"
"Hessische Blätter für Volksbildung : Zeitschrift für Erwachsenenbildung in Deutschland","http://nwbib.de/HT005060532"
"Heven, einst und jetzt : Heimat-Berichte","http://nwbib.de/HT006782490"
"Hildener Jahrbuch","http://nwbib.de/HT001388562"
"Hille-Post : Mitteilungsblatt der Peter-Hille-Gesellschaft (Nieheim)","http://nwbib.de/HT006990402"
"Hinsbecker Bote / Verkehrs- und Verschönerungsverein Hinsbeck","http://nwbib.de/HT007067427"
"Historia <Stuttgart> : Zeitschrift für alte Geschichte","http://nwbib.de/HT001391687"
"Historical social research / Zentrum für Historische Sozialforschung, Köln","http://nwbib.de/HT005073665"
"Historische Beiträge / Velbert","http://nwbib.de/HT004585461"
"Historisches Jahrbuch für den Kreis Herford","http://nwbib.de/HT005083220"
"Historisches Jahrbuch Lage : mit einer Chronik der vergangenen Jahre","http://nwbib.de/HT015363238"
"Historisches Jahrbuch Petershagen / Ortsheimatpflege Petershagen ","http://nwbib.de/HT013616443"
"Historisch-politische Mitteilungen : Archiv für christlich-demokratische Politik","http://nwbib.de/HT007071257"
"Hohenlimburger Heimatblätter für den Raum Hagen und Iserlohn : Beiträge zur Landeskunde","http://nwbib.de/HT006988108"
"Holter : ortskundliche Zeitschrift für die ehemalige Freigrafschaft Langenholthausen","http://nwbib.de/HT016147791"
"Hortus exoticus : Beiträge zur Freilandkultur winterharter Exoten in Mitteleuropa","http://nwbib.de/HT014986194"
"Höxter-Corvey / Heimat- und Verkehrsverein Höxter e.V.","http://nwbib.de/HT006957588"
"Hülser Heimatblätter / Heimatverein Hüls e.V.","http://nwbib.de/HT006932724"
"Hürther Beiträge zur Geschichte, Kultur und Regionalkunde / Heimat- und Kulturverein Hürth e.V.","http://nwbib.de/HT015669858"
"Hydrologie und Wasserbewirtschaftung / Bundesanstalt für Gewässerkunde, Koblenz","http://nwbib.de/HT010088395"
"Industrie-Kultur","http://nwbib.de/HT007376023"
"Information für Heimatfreunde / Verein für Geschichte und Heimatpflege Wickede (Ruhr)","http://nwbib.de/HT006985570"
"Informationen zur Raumentwicklung / Bundesforschungsanstalt für Landeskunde und Raumordnung, Bonn","http://nwbib.de/HT001242273"
"Innovative Verwaltung : Fachzeitschrift für erfolgreiches Verwaltungsmanagement","http://nwbib.de/HT007453692"
"Irrgeister : Naturmagazin des Vereins für Natur- und Vogelschutz im HSK e.V.","http://nwbib.de/HT012042493"
"ISA-Jahrbuch zur Sozialen Arbeit","http://nwbib.de/HT013377664"
"Isselhorster : Lokalanzeiger für das Kirchspiel Isselhorst","http://nwbib.de/HT007072758"
"Jahrbuch / August- Wibbelt-Gesellschaft","http://nwbib.de/HT002124263"
"Jahrbuch / Erftstadt","http://nwbib.de/HT007049707"
"Jahrbuch / Geschichtsverein Baesweiler","http://nwbib.de/HT017173187"
"Jahrbuch / Kreis Euskirchen","http://nwbib.de/HT006934293"
"Jahrbuch / Kreis Höxter","http://nwbib.de/HT006968907"
"Jahrbuch / Kreis Unna","http://nwbib.de/HT012976757"
"Jahrbuch / Kreis Wesel","http://nwbib.de/HT003692377"
"Jahrbuch / Mülheim an der Ruhr","http://nwbib.de/HT006816401"
"Jahrbuch / Nordrhein-Westfälische Akademie der Wissenschaften und der Künste","http://nwbib.de/HT015945638"
"Jahrbuch / Westdeutsche Gesellschaft für Familienkunde","http://nwbib.de/HT014757399"
"Jahrbuch / Zentrum für Niederlande-Studien, Münster, Westfalen","http://nwbib.de/HT007045450"
"Jahrbuch ... Bad Westernkotten / Bad-Westernkotten-Stiftung","http://nwbib.de/HT017624234"
"Jahrbuch der Gesellschaft für Niedersächsische Kirchengeschichte","http://nwbib.de/HT005065199"
"Jahrbuch der Heinrich-Heine-Universität Düsseldorf","http://nwbib.de/HT002210726"
"Jahrbuch der historischen Forschung in der Bundesrepublik Deutschland / Arbeitsgemeinschaft Historischer Forschungseinrichtungen in der Bundesrepublik Deutschland","http://nwbib.de/HT002131819"
"Jahrbuch der rheinischen Denkmalpflege : eine Veröffentlichung des Landschaftsverbandes Rheinland","http://nwbib.de/HT001328816"
"Jahrbuch des Bochumer Botanischen Vereins [Elektronische Ressource]","http://nwbib.de/HT016339433"
"Jahrbuch des Emsländischen Heimatbundes","http://nwbib.de/HT001373778"
"Jahrbuch des Frechener Geschichtsvereins e.V.","http://nwbib.de/HT015382841"
"Jahrbuch des Kölnischen Geschichtsvereins e.V.","http://nwbib.de/HT001373274"
"Jahrbuch des Kreises Düren","http://nwbib.de/HT006933526"
"Jahrbuch des Rhein-Sieg-Kreises","http://nwbib.de/HT003053424"
"Jahrbuch des Römisch-Germanischen Zentralmuseums Mainz","http://nwbib.de/HT001383601"
"Jahrbuch für das Oldenburger Münsterland / Heimatbund für das Oldenburger Münsterland","http://nwbib.de/HT006952914"
"Jahrbuch für den Rhein-Kreis Neuss","http://nwbib.de/HT013889115"
"Jahrbuch für Eisenbahngeschichte / Deutsche Gesellschaft für Eisenbahngeschichte","http://nwbib.de/HT001369634"
"Jahrbuch für evangelische Kirchengeschichte des Rheinlandes","http://nwbib.de/HT017700425"
"Jahrbuch für Glockenkunde / Deutsches Glockenmuseum auf Burg Greifenstein","http://nwbib.de/HT007039788"
"Jahrbuch für mitteldeutsche Kirchen- und Ordensgeschichte","http://nwbib.de/HT014654414"
"Jahrbuch für Regionalgeschichte / Institut für Deutsche Geschichte, Leipzig, Abteilung Deutsche Regionalgeschichte","http://nwbib.de/HT006887202"
"Jahrbuch für westfälische Kirchengeschichte","http://nwbib.de/HT003889093"
"Jahrbuch Hochsauerlandkreis : Berichte, Erzählungen, Aufsätze","http://nwbib.de/HT006990295"
"Jahrbuch Kirchliches Buch- und Bibliothekswesen","http://nwbib.de/HT012964399"
"Jahrbuch Westfalen / Westfälischen Heimatbund","http://nwbib.de/HT007016482"
"Jahresband / Hochschule Niederrhein, FB Wirtschaftswissenschaften","http://nwbib.de/HT014459413"
"Jahresbericht / Bergischer Geschichtsverein, Abteilung Erkrath e.V.","http://nwbib.de/HT018925277"
"Jahresbericht / Gymnasium Johanneum, Wadersloh","http://nwbib.de/HT007038758"
"Jahresbericht / Vereinigung ehemaliger Theodorianer","http://nwbib.de/HT006991639"
"Jahresbericht des Historischen Vereins für die Grafschaft Ravensberg","http://nwbib.de/HT001369033"
"Jahresberichte der Biologischen Station Westliches Ruhrgebiet","http://nwbib.de/HT014419436"
"Jahresberichte des Naturwissenschaftlichen Vereins in Wuppertal","http://nwbib.de/HT004033481"
"Jahresgabe / Grafschafter Museums- und Geschichtsverein in Moers e.V.","http://nwbib.de/HT014417318"
"Jahresheft des Heimat- und Verkehrsvereins e.V. Grevenbrück","http://nwbib.de/HT003133317"
"Jahreshefte der Kunstakademie Düsseldorf","http://nwbib.de/HT006569968"
"Jan Wellem : Zeitschrift für Kultur und Tradition der Alde Düsseldorfer Bürgergesellschaft von 1920 e.V.","http://nwbib.de/HT006958003"
"Journal / Netzwerk Frauen- und Geschlechterforschung NRW","http://nwbib.de/HT017113960"
"Journal [Elektronische Ressource] / NRW.URBAN GmbH","http://nwbib.de/HT018436667"
"Journal für Schwelm / Stadt Schwelm, Informations- und Pressestelle","http://nwbib.de/HT012989944"
"Jugendhilfe aktuell / Landesjugendamt, Landschaftsverband Westfalen-Lippe","http://nwbib.de/HT014026007"
"Jülicher Geschichtsblätter : Jahrbuch des Jülicher Geschichtsvereins","http://nwbib.de/HT005004328"
"Juni : Magazin für Literatur und Kultur ","http://nwbib.de/HT006983898"
"K.West: das Feuilleton für NRW","http://nwbib.de/HT013878511"
"Kaiserswerther Mitteilungen : das Magazin der Kaiserswerther Diakonie","http://nwbib.de/HT006951426"
"Kalonymos : Beiträge zur deutsch-jüdischen Geschichte aus dem Salomon Ludwig Steinheim-Institut an der Universität Duisburg-Essen","http://nwbib.de/HT008944559"
"Kalebasse / Sankt-Jakobusbruderschaft Düsseldorf e.V.","http://nwbib.de/HT007073966"
"Kalender für das Klever Land / Kreis Kleve","http://nwbib.de/HT006904968"
"Kerpener Heimatblätter / Verein der Heimatfreunde Stadt Kerpen e.V.","http://nwbib.de/HT006933197"
"Kickenberg / Osterfelder Bürgerring","http://nwbib.de/HT015117680"
"Kirche im Revier : Mitteilungen des Vereins zur Erforschung der Kirchen- und Religionsgeschichte des Ruhrgebiets e.V.","http://nwbib.de/HT003264526"
"Kölner Domblatt : Jahrbuch des Zentral-Dombauvereins","http://nwbib.de/HT002215064"
"Kölner Jahrbuch / Römisch-Germanischen Museum und der Archäologischen Gesellschaft Köln","http://nwbib.de/HT006519030"
"Kontur: das Kunstmagazin für die Region [Münsterland]","http://nwbib.de/HT016965517"
"Krankenhaus / Deutsche Krankenhausgesellschaft","http://nwbib.de/HT001379070"
"Krune un Flamme / Heimatverein Alt-Köln","http://nwbib.de/HT007273825"
"Kultur und Heimat : Heimatblätter für Castrop-Rauxel und Umgebung","http://nwbib.de/HT006952869"
"Kulturräume / Kubia, Kompetenzzentrum für Kultur und Bildung im Alter im IBK, Institut für Bildung und Kultur  ","http://nwbib.de/HT017131766"
"Kunst und Kirche : ökumenische Zeitschrift für zeitgenössische Kunst und Architektur","http://nwbib.de/HT002729732"
"Kunstwerk des Monats / LWL-Landesmuseum für Kunst und Kulturgeschichte, Münster","http://nwbib.de/HT006968910"
"Landkreis : Zeitschrift für kommunale Selbstverwaltung","http://nwbib.de/HT005060289"
"Lärmbekämpfung : Zeitschrift für Akustik, Schallschutz und Schwingungstechnik","http://nwbib.de/HT014852401"
"Laurensberger Heimatblätter / Laurensberger Heimatfreunde","http://nwbib.de/HT007195821"
"Lehrer NRW - Verband für den Sekundarbereich","http://nwbib.de/HT016390306"
"Leinpfad : Mitteilungen des Arbeitskreises Familienforschung - Kreis Heinsberg und Umgebung","http://nwbib.de/HT006983957"
"Leiw Heukeshoven : Beiträge zur Geschichte der Stadt Hückeswagen","http://nwbib.de/HT006364919"
"Libellula / Arbeitsgemeinschaft Deutscher Odonatologen","http://nwbib.de/HT004304112"
"Lippe Wissen & Wirtschaft / Industrie- und Handelskammer Lippe","http://nwbib.de/HT015409074"
"Lippische Mitteilungen aus Geschichte und Landeskunde / Naturwissenschaftlicher und Historischer Verein für das Land Lippe","http://nwbib.de/HT005064694"
"Literatur in Westfalen : Beiträge zur Forschung","http://nwbib.de/HT007192893"
"LitForm : Programme, Infos, Perspektiven / Westfälisches Literaturbüro in Unna e.V.","http://nwbib.de/HT008956679"
"Lohmarer Heimatblätter / Heimat- und Geschichtsverein Lohmar e.V.","http://nwbib.de/HT007064801"
"Magazin [Elektronische Ressource] / Heimat- und Kulturverein Breidt e.V.","http://nwbib.de/HT017572669"
"Magazin der Heinrich-Heine-Universität Düsseldorf","http://nwbib.de/HT009239407"
"Magazin Museum.DE: das deutsche Museumsportal","http://nwbib.de/HT016412110"
"Manager-Magazin","http://nwbib.de/HT002200739"
"Märker <Lüdenscheid> : landeskundliche Zeitschrift für den Bereich der ehemaligen Grafschaft Mark und den Märkischen Kreis","http://nwbib.de/HT001376489"
"Märkisches Jahrbuch für Geschichte / Verein für Orts- und Heimatkunde in der Grafschaft Mark, Witten","http://nwbib.de/HT013334411"
"Markscheidewesen: Altbergbau u. Stilllegungen, bergbaul. Umweltauswirkungen, Bergbauplanung, Bergschäden, Bergvermessung, Boden- u. Gebirgsbewegungen, erneuerbare geogene Energien, Genehmigungsverfahren, Geoinformation, Lagerstättenmanagement, Raumordnung","http://nwbib.de/HT002200850"
"Martfeld-Kurier : Schriftenreihe des Vereins für Heimatkunde Schwelm","http://nwbib.de/HT007034247"
"Maß und Gewicht : Zeitschrift für Metrologie","http://nwbib.de/HT007034248"
"Mattenbach-Echo : Berichte, Mitteilungen und Notizen über Wandern, Naturschutz, Heimatpflege","http://nwbib.de/HT007047315"
"Medamana : Heimatblatt der Vereinigung ""Aule Mettmanner""","http://nwbib.de/HT006984953"
"Meerbuscher Geschichtshefte / Geschichtsverein Meerbusch e.V., Verein für Volkskunde und Heimatpflege","http://nwbib.de/HT006921782"
"Meinhardus : Meinerzhagener Heimatblätter","http://nwbib.de/HT006949923"
"Melanargia : Nachrichten der Arbeitsgemeinschaft Rheinisch-Westfälischer Lepidopterologen","http://nwbib.de/HT007041952"
"Menner Chronik und Heimatblätter / Heimatverein Menne","http://nwbib.de/HT007070990"
"Militärgeschichtliche Zeitschrift : MGZ","http://nwbib.de/HT012961707"
"Milser Blätter : Informationen für Mitglieder des Heimat- und Geschichtsvereins Milse e.V.","http://nwbib.de/HT012980716"
"Mineralien-Welt : Magazin für das Sammeln schöner Steine","http://nwbib.de/HT007044741"
"Mitteilungen / Arbeitsgemeinschaft für Rheinische Musikgeschichte e.V.","http://nwbib.de/HT006908567"
"Mitteilungen / Heimatverein Coesfeld e.V.","http://nwbib.de/HT007223392"
"Mitteilungen / Naturwissenschaftlicher Verein Paderborn e.V.","http://nwbib.de/HT014690517"
"Mitteilungen / Verein für Geschichte und Heimatpflege, Soest","http://nwbib.de/HT007015891"
"Mitteilungen aus dem Schloßarchiv Diersfordt und vom Niederrhein","http://nwbib.de/HT007052832"
"Mitteilungen der Arbeitsgemeinschaft Westfälischer Entomologen","http://nwbib.de/HT013426227"
"Mitteilungen der Arbeitsgemeinschaft Rheinischer Koleopterologen","http://nwbib.de/HT007059847"
"Mitteilungen der Historischen Vereinigung Wesel e.V.","http://nwbib.de/HT011201121"
"Mitteilungen der Werler Arbeitsgemeinschaft für Familienforschung","http://nwbib.de/HT006990265"
"Mitteilungen der Westdeutschen Gesellschaft für Familienkunde","http://nwbib.de/HT006909433"
"Mitteilungen des Mindener Geschichtsvereins","http://nwbib.de/HT005082610"
"Monschauer Land : Jahrbuch ... / Geschichtsverein des Monschauer Landes","http://nwbib.de/HT006904244"
"Monumente : Magazin für Denkmalkultur in Deutschland","http://nwbib.de/HT006503279"
"Mosaik : Zeitschrift für Familienforschung und Heimatkunde","http://nwbib.de/HT007062240"
"Moving the social : journal of social history and the history of social movements","http://nwbib.de/HT017755771"
"Mühlstein : Periodikum für Mühlenkunde und Mühlenerhaltung","http://nwbib.de/HT004256839"
"Münster : Zeitschrift für christliche Kunst und Kunstwissenschaft","http://nwbib.de/HT001385634"
"Münster am Hellweg : Mitteilungsblatt des Vereins für die Erhaltung des Essener Münsters","http://nwbib.de/HT002202045"
"Münsterland : Jahrbuch des Kreises Warendorf","http://nwbib.de/HT007075186"
"Münsters Senioren-Zeitung / Seniorenredaktion der Volkshochschule der Stadt Münster","http://nwbib.de/HT006989189"
"Müscheder Blätter / Arbeitskreis für Dorfentwicklung und Heimatpflege, Müschede","http://nwbib.de/HT014175714"
"Museumskunde / Deutscher Museumsbund","http://nwbib.de/HT002202083"
"Musik und Kirche : Zeitschrift für Kirchenmusik","http://nwbib.de/HT001376525"
"NABU-Info / Naturschutzbund Deutschland e.V. (NABU), Stadtverband Hagen e.V.","http://nwbib.de/HT008498507"
"Nachbarsprache niederländisch : Beiträge zur Sprache, Literatur und Kultur der Niederlande und Flanderns","http://nwbib.de/HT006991913"
"Nachrichten aus der Netter Geschichte / Arbeitsgruppe für Netter Geschichte","http://nwbib.de/HT016593925"
"Nachrichtenblatt des Vereins Alter Münstereifler / Verein Alter Münstereifler","http://nwbib.de/HT006934039"
"Nahverkehr / Verband Deutscher Verkehrsunternehmen","http://nwbib.de/HT002202173"
"Nahverkehrspraxis : Fachzeitschrift für Nahverkehr und Verkehrsindustrie","http://nwbib.de/HT006920564"
"Nassauische Annalen : Jahrbuch des Vereins für Nassauische Altertumskunde und Geschichtsforschung","http://nwbib.de/HT001390993"
"Natur am Niederrhein / Naturwissenschaftlicher Verein zu Krefeld e.V.","http://nwbib.de/HT006932878"
"Natur in NRW / Landesamt für Natur, Umwelt und Verbraucherschutz Nordrhein-Westfalen","http://nwbib.de/HT015062489"
"Natur und Heimat : floristische, faunistische und ökologische Berichte","http://nwbib.de/HT002202250"
"Natur und Recht : Zeitschrift für das gesamte Recht zum Schutze der natürlichen Lebensgrundlagen und der Umwelt","http://nwbib.de/HT005073400"
"Natur und Umwelt in Siegen-Wittgenstein","http://nwbib.de/HT007062658"
"Naturreport : Jahrbuch der Naturförderungsgesellschaft für den Kreis Unna e.V.","http://nwbib.de/HT006998271"
"Naturschutz in Hamm : Mitteilungen des Naturschutzbundes Deutschland, Stadtverband Hamm","http://nwbib.de/HT007073574"
"Natur-Spiegel : das Magazin für Natur und Umwelt am Niederrhein","http://nwbib.de/HT007323549"
"Naturzeit im Münsterland : das NABU-Magazin für die Kreise Borken, Coesfeld, Stadt Münster, Steinfurt, Warendorf","http://nwbib.de/HT013984555"
"Nds : die Zeitschrift der Bildungsgewerkschaft","http://nwbib.de/HT013592958"
"Neue Beiträge zur Jülicher Geschichte / Joseph-Kuhl-Gesellschaft, Ges.f. d. Geschichte der Stadt Jülich und des Jülicher Landes","http://nwbib.de/HT004323756"
"Neue Töne : Kirchenmusik im Bistum Münster","http://nwbib.de/HT015189224"
"Niederdeutsches Wort : Beiträge zur niederdeutschen Philologie",
"Niederrhein : Zeitschrift für Heimatpflege und Wandern","http://nwbib.de/HT000854207"
"Niederrhein-Magazin : Programmzeitschrift der Niederrhein-Akademie","http://nwbib.de/HT015268907"
"Niedersächsisches Jahrbuch für Landesgeschichte : Organ des Historischen Vereins für Niedersachsen in Hannover","http://nwbib.de/HT001369037"
"Niederwupper : historische Beiträge","http://nwbib.de/HT008392167"
"Ninivit : Heimatblatt für Niedereimer","http://nwbib.de/HT007061942"
"Nordmünsterland: Forschungen und Funde","http://nwbib.de/HT018449164"
"Nordrhein-Westfälische Verwaltungsblätter","http://nwbib.de/HT003354595"
"Novaesium : Neusser Jahrbuch für Kunst, Kultur und Geschichte","http://nwbib.de/HT014247514"
"Numismatisches Nachrichtenblatt : Organ der Deutschen Numismatischen Gesellschaft","http://nwbib.de/HT001390868"
"Oberhausen : ein Jahrbuch","http://nwbib.de/HT006387473"
"Oberhof : Familienblatt des Verbandes Eickenscheidt-Nienhausen","http://nwbib.de/HT006988867"
"Ochtruper Heimatblätter / Heimatverein Ochtrup e.V. ; Arbeitskreis Heimatkunde","http://nwbib.de/HT007057571"
"Odenkirchen gestern und heute / Heimatvereins Odenkirchen 1951 e.V.","http://nwbib.de/HT016926143"
"Off topic / Kunsthochschule für Medien Köln","http://nwbib.de/HT015749054"
"Öffentliche Dienst <Köln> : Personalmanagement und Recht","http://nwbib.de/HT005060096"
"Olpe in Geschichte und Gegenwart : Jahrbuch des Heimatvereins für Olpe und Umgebung e.V.","http://nwbib.de/HT007060790"
"Omnibus : Nachrichtenblatt der Vereinigung Ehemaliger Schüler des König-Wilhelm-Gymnasiums in Höxter","http://nwbib.de/HT006991872"
"Oper : Jahrbuch ","http://nwbib.de/HT001380335"
"Opernwelt : das internationale Opernmagazin","http://nwbib.de/HT001363933"
"Ostwestfälische Wirtschaft : Zeitschrift der Industrie- und Handelskammer Ostwestfalen zu Bielefeld","http://nwbib.de/HT005078006"
"Paderborner historische Mitteilungen / Verein für Geschichte an der Universität Paderborn e.V.","http://nwbib.de/HT015390863"
"Paderquellen : Rundbrief aus den Schulen und dem Kloster St. Michael","http://nwbib.de/HT006991188"
"Petriner : Mitteilungen des Vereins der Freunde, Förderer und Ehemaligen Schüler des Gymnasiums Petrinum Brilon","http://nwbib.de/HT007071803"
"Petrinum : das Schulmagazin / Gymnasium Petrinum, Recklinghausen","http://nwbib.de/HT006991416"
"Pfälzer am Niederrhein : Heimatblatt für Geschichte, Brauchtum und Mundartpflege","http://nwbib.de/HT007006378"
"Pfälzisch-rheinische Familienkunde / Pfälzisch-Rheinische Familienkunde e.V.","http://nwbib.de/HT006955939"
"Polizei - Studium - Praxis","http://nwbib.de/HT017012485"
"Positionen und Perspektiven : Jahrbuch Ruhr …","http://nwbib.de/HT018148923"
"Praxis Geschichte : Zeitschrift für den Geschichtsunterricht in der Sek I/II","http://nwbib.de/HT003997646"
"ProLibris : Mitteilungsblatt / Verband der Bibliotheken des Landes Nordrhein-Westfalen e.V.","http://nwbib.de/HT007116433"
"Pulheimer Beiträge zur Geschichte : Jahresgabe des Vereins für Geschichte e.V.","http://nwbib.de/HT013860645"
"Quecke : Ratinger und Angerländer Heimatblätter","http://nwbib.de/HT006984969"
"Rammuthe : das Tal zwischen Lüdenscheid und Altena ; heimatkundliche Beiträge zu Vergangenheit und Gegenwart des Rahmedetales und der alten Bauernschaften Drescheid, Rosmart und Wehberg","http://nwbib.de/HT013377421"
"Ratinger Forum : Beiträge zur Stadt- und Regionalgeschichte","http://nwbib.de/HT007034426"
"Raumplanung : Fachzeitschrift für räumliche Planung und Forschung","http://nwbib.de/HT006930605"
"Ravensberger Blätter : Organ des Historischen Vereins für die Grafschaft Ravensberg e.V.","http://nwbib.de/HT001339987"
"Recht im Amt : Zeitschrift für den öffentlichen Dienst","http://nwbib.de/HT001382683"
"Rechtsrheinisches Köln : Jahrbuch für Geschichte und Landeskunde","http://nwbib.de/HT003039918"
"Reeser Geschichtsfreund","http://nwbib.de/HT017546118"
"Reidemeister : Geschichtsblätter für Lüdenscheid Stadt und Land","http://nwbib.de/HT006932830"
"Remensnider : Zeitschrift für Herford und das Wittekindsland","http://nwbib.de/HT006989035"
"Residenz : Nachrichten aus Schloß Neuhaus","http://nwbib.de/HT007038587"
"Rheine gestern, heute, morgen : Zeitschrift für den Raum Rheine","http://nwbib.de/HT003759287"
"Rheinisch-bergischer Kalender : Heimatjahrbuch für den Rheinisch-Bergischen Kreis","http://nwbib.de/HT002732102"
"Rheinische Heimatpflege : Mitteilungen des Rheinischen Vereins für Denkmalpflege und Landschaftsschutz e.V.","http://nwbib.de/HT001340646"
"Rheinische Vierteljahrsblätter : Veröffentlichung der Abt. für Rheinische Landesgeschichte des Instituts für Geschichtswissenschaft der Universität Bonn","http://nwbib.de/HT002206813"
"Rheinisches Jahrbuch für Volkskunde / Rheinische Vereinigung für Volkskunde","http://nwbib.de/HT001377454"
"Rheinisch-westfälische Zeitschrift für Volkskunde : Veröffentlichungen des LVR-Instituts für Landeskunde und Regionalgeschichte, Landesverband Rheinland und der Volkskundlichen Kommission für Westfalen, Landschaftsverband Westfalen-Lippe","http://nwbib.de/HT002206826"
"Rhein-Maas : Studien zur Geschichte, Sprache und Kultur","http://nwbib.de/HT018853445"
"Rheydter Jahrbuch für Geschichte und Kultur der Stadt Mönchengladbach / Otto-von-Bylandt-Gesellschaft zur Förderung des Städtischen Museums Schloß Rheydt","http://nwbib.de/HT016138469"
"Rhinberksen Dagwieser för dat Johr … : Kalender för Stadt on Land [Rheinberg]","http://nwbib.de/HT015261343"
"Römische Quartalschrift für christliche Altertumskunde und Kirchengeschichte","http://nwbib.de/HT002215327"
"Roland : Zeitschrift der Genealogisch-Heraldischen Arbeitsgemeinschaft Roland zu Dortmund","http://nwbib.de/HT006917455"
"Romerike Berge : Zeitschrift für das Bergische Land","http://nwbib.de/HT003240778"
"Rosenland : Zeitschrift für lippische Geschichte","http://nwbib.de/HT014440539"
"Roxel-Magazin: gestern, heute, morgen","http://nwbib.de/HT015531312"
"Ruhrwirtschaft / Industrie- und Handelskammer zu Dortmund","http://nwbib.de/HT005061010"
"Rund um den Quadenhof : Heimatzeitschrift des Bürger- und Heimatvereins Düsseldorf-Gerresheim","http://nwbib.de/HT006978326"
"Rund um den Schwanenturm : Zeitschrift des Klevischen Heimat- und Verkehrsvereins e.V.","http://nwbib.de/HT006933198"
"Sauerland : Zeitschrift des Sauerländer Heimatbundes","http://nwbib.de/HT006933196"
"Sauerländische Naturbeobachter","http://nwbib.de/HT009821743"
"Schichtwechsel : Journal für die Geschichte Oberhausens","http://nwbib.de/HT014944690"
"Schiffahrt, Hafen, Bahn und Technik : Magazin für intermodalen Transport und Logistik","http://nwbib.de/HT014310090"
"Schlänger Bote : Zeitschrift für die Gemeinde Schlangen und die Stadt Bad Lippspringe","http://nwbib.de/HT006957046"
"Schlüssel <Hemer> : Blätter der Heimat für der Stadt Hemer","http://nwbib.de/HT006991958"
"Schmallenberger Almanach","http://nwbib.de/HT016560385"
"Schmallenberger Heimatblätter","http://nwbib.de/HT006989320"
"Schola Paulina : Mitteilungen der Vereinigung der Alten Pauliner e.V.","http://nwbib.de/HT006989316"
"Schriften / Stiftung Museum Schloss Moyland - Sammlung van der Grinten - Joseph-Beuys-Archiv des Landes Nordrhein-Westfalen","http://nwbib.de/HT010840690"
"Schriftenreihe des Eschweiler Geschichtsvereins","http://nwbib.de/HT003475563"
"Schulverwaltung : Zeitschrift für Schulleitung und Schulaufsicht","http://nwbib.de/HT005081666"
"Schwammklöpper : Fredeburger Heimatblätter","http://nwbib.de/HT007047314"
"Schwarz auf weiss : Informationen und Berichte der Künstler-Union Köln  ","http://nwbib.de/HT006981616"
"Schwatt op witt : Dorfzeitung für Kirchhundem und Umgebung","http://nwbib.de/HT008060379"
"Scriptum : Arbeitsergebnisse aus dem Geologischen Dienst Nordrhein-Westfalen","http://nwbib.de/HT013462650"
"Sennestadtverein : Mitteilungsblatt für Mitglieder des Sennestadtverein e.V.","http://nwbib.de/HT007457033"
"Siedlungsforschung : Archäologie, Geschichte, Geographie","http://nwbib.de/HT002208275"
"Siegener Beiträge : Jahrbuch für regionale Geschichte","http://nwbib.de/HT007299497"
"Siegerland : Blätter des Siegerländer Heimat- und Geschichtsverein e.V.","http://nwbib.de/HT003603115"
"Siegerländer Heimatkalender / Siegerländer Heimatverein","http://nwbib.de/HT006954255"
"Soester Zeitschrift : Zeitschrift des Vereins für Geschichte und Heimatpflege Soest","http://nwbib.de/HT001390974"
"Spee-Jahrbuch / Arbeitsgemeinschaft der Friedrich-Spee-Gesellschaften Düsseldorf und Trier","http://nwbib.de/HT007069123"
"Speläologisches Jahrbuch / Speläogruppe Letmathe, Verein für Höhlenkunde in Westfalen","http://nwbib.de/HT010831081"
"Spiegel <Hamburg>","http://nwbib.de/HT001387709"
"Sport-, Bäder-, Freizeit-Bauten : internationale Fachzeitschrift für Planung, Bau, Einrichtung, Betrieb und Forschung","http://nwbib.de/HT005069073"
"Spuren : Beiträge zur Familienforschung","http://nwbib.de/HT007074096"
"Spuren der Verfolgten","http://nwbib.de/HT011135562"
"Spuren der Vergangenheit : Berichte aus den Gemeindebriefen der Evangelischen Kirchengemeinde Brechten","http://nwbib.de/HT016624250"
"Spurensuche: Familienforschung im Tecklenburger Land","http://nwbib.de/HT016926022"
"St. Töniser Heimatbrief / Heimatbund St. Tönis 1952 e.V.","http://nwbib.de/HT006934325"
"Städte- und Gemeinderat : Fachzeitschrift für Kommunal- und Landespolitik in Nordrhein-Westfalen","http://nwbib.de/HT005062736"
"Städtetag : Zeitschrift für kommunale Politik und Praxis","http://nwbib.de/HT001387940"
"Stahl und Eisen <Düsseldorf> : Zeitschrift für die Herstellung und Verarbeitung von Eisen und Stahl","http://nwbib.de/HT002215799"
"Standort : Zeitschrift für angewandte Geographie","http://nwbib.de/HT007016378"
"Statistische Analysen und Studien Nordrhein-Westfalen / Information und Technik Nordrhein-Westfalen, Geschäftsbereich Statistik","http://nwbib.de/HT012865979"
"Steinhagen / Heimatverein Steinhagen  ","http://nwbib.de/HT006997761"
"Steinheimer Kalender … : Jahresheft / Heimatverein Steinheim","http://nwbib.de/HT016710129"
"Stela historica : Beiträge und Bilder zur Steeler Geschichte","http://nwbib.de/HT014585328"
"Stemmerter Blätter der Vereinigung Ehemaliger Arnoldiner","http://nwbib.de/HT006991936"
"Sternfahrt : Essener Nahverkehr - gestern und heute","http://nwbib.de/HT017482538"
"Strunzerdaal : Heimatblatt für die Stadt Olsberg","http://nwbib.de/HT006990299"
"Südsauerland : Heimatstimmen aus dem Kreis Olpe","http://nwbib.de/HT015054683"
"Südwestfalen-Archiv : Landesgeschichte im ehemals kurkölnischen Herzogtum Westfalen und der Grafschaft Arnsberg","http://nwbib.de/HT013303110"
"Südwestfälische Wirtschaft / Südwestfälische Industrie- und Handelskammer zu Hagen, SIHK","http://nwbib.de/HT001388796"
"Sunderner Heimatblätter : rund um Linnepe, Röhr und Sorpe","http://nwbib.de/HT013557343"
"TAB / BHKS Bundesindustrieverband Heizungs-, Klima-, Sanitärtechnik, Technische Gebäudesysteme e.V.","http://nwbib.de/HT002209880"
"Technische Kulturdenkmale : TKD","http://nwbib.de/HT016860361"
"Theater : Jahrbuch","http://nwbib.de/HT002210091"
"Theater heute : die Theaterzeitschrift","http://nwbib.de/HT005072629"
"Theologie und Glaube / Theologische Fakultät, Paderborn","http://nwbib.de/HT002210116"
"Tönisberger Heimatblätter / Heimatverein Tönisberg e.V.","http://nwbib.de/HT013600701"
"Torhaus aktuell / Stadtheimatbund Münster e.V.","http://nwbib.de/HT016457745"
"Troisdorfer Jahreshefte / Heimat- und Geschichtsverein Troisdorf e.V.","http://nwbib.de/HT015413917"
"Turn- und Sportgeschichte in Westfalen und Lippe : Zeitschrift des Westfälisch-Lippischen Instituts für Turn- und Sportgeschichte","http://nwbib.de/HT007678401"
"Tüsken Linne un Luer : zwischen Kirchlinde und Luerwald ; Bewahren durch Überliefern ; Beiträge zur Geschichte der ehemaligen Gemeinde Holzen","http://nwbib.de/HT007712528"
"Um Burg und Quelle / Heimatverein Blankenheim (Ahr) e.V.","http://nwbib.de/HT006933270"
"Unser Bocholt : Zeitschrift für Kultur- und Heimatpflege","http://nwbib.de/HT003772460"
"Unser Buer : Beiträge zur Geschichte","http://nwbib.de/HT018137108"
"Unser Kirchspiel : Mülheim, Sichtigvor, Waldhausen","http://nwbib.de/HT013495149"
"Unser Kreis : Jahrbuch für den Kreis Steinfurt","http://nwbib.de/HT006919326"
"Ursprünge und Entwicklungen der Stadt Oberhausen / Historische Gesellschaft Oberhausen e.V.","http://nwbib.de/HT007065652"
"Usser Dorp : Vereinszeitschrift der Ercroder Jonges 1982 e.V.","http://nwbib.de/HT007064479"
"UVP-Report : Informationen zu Umweltverträglichkeitsprüfung, Umweltmanagement und nachhaltiger Entwicklung","http://nwbib.de/HT005080741"
"Verkehrszeichen : für Mobilität und Umwelt","http://nwbib.de/HT006892780"
"Verwaltungsrundschau : Zeitschrift für Verwaltung in Praxis und Wissenschaft","http://nwbib.de/HT005068607"
"Vestische Zeitschrift : Zeitschrift der Vereine für Orts- und Heimatkunde im Vest Recklinghausen","http://nwbib.de/HT001366180"
"Vestischer Kalender / Verband der Vereine für Orts- und Heimatkunde im Veste und Kreise Recklinghausen","http://nwbib.de/HT005069558"
"VHAG - Extra : Mitgliedermagazin der VHAG EVAG e.V.","http://nwbib.de/HT018231325"
"Vierteljahrschrift für Sozial- und Wirtschaftsgeschichte : VSWG","http://nwbib.de/HT005065365"
"Voerder Heimatblättchen : Mitteilungen des Voerder Heimatvereins","http://nwbib.de/HT012981530"
"Voorsch - oss Heimat : Mitteilungen des Heimatvereins Vorst ""Freunde des Vörschter Platt""","http://nwbib.de/HT007066091"
"Voßwinkeler Rückblicke : Beiträge zur Heimatgeschichte","http://nwbib.de/HT007075988"
"Wallraf-Richartz-Jahrbuch : Jahrbuch für Kunstgeschichte","http://nwbib.de/HT000861264"
"Warendorfer Kiepenkerl : Forum für Kunst, Theater, Musik, Heimat- und Denkmalpflege in Warendorf","http://nwbib.de/HT006990230"
"Warendorfer Schriften / Stadtarchiv Warendorf in Verbindung mit dem Heimatverein Warendorf e.V.","http://nwbib.de/HT003904572"
"Warte : Heimatzeitschrift für die Kreise Paderborn und Höxter","http://nwbib.de/HT006953067"
"Wassertriebwerk : Wasserkraft, Wasserwirtschaft, Wasserrecht, Elektrizitätswirtschaft","http://nwbib.de/HT002212075"
"Wattenscheider : Vereinszeitschrift des Heimat- und Bürgerverein Wattenscheid e.V.","http://nwbib.de/HT007223395"
"Weezer Geschichte : Altes und Neues aus der Heimat","http://nwbib.de/HT014174765"
"Weilerswister Heimatblätter / Geschichts- und Heimatverein der Gemeinde Weilerswist e.V.","http://nwbib.de/HT007000938"
"Wennetaler / Heimatverein Wenholthausen e.V.  ","http://nwbib.de/HT017230962"
"Werl gestern, heute, morgen : ein Jahrbuch der Stadt Werl und des Neuen Heimat- und Geschichtsvereins Werl e.V.","http://nwbib.de/HT006990264"
"Weseker Heimatblätter / Weseker Heimatverein","http://nwbib.de/HT006996122"
"Weser, Bever, Berg und Tal : heimatkundliche Schriftenreihe","http://nwbib.de/HT013023882"
"Wesselinger Heimat- und Geschichtsblätter / Verein für Orts- und Heimatkunde Wesseling","http://nwbib.de/HT007050777"
"Westfalen : Hefte für Geschichte, Kunst und Volkskunde","http://nwbib.de/HT001374559"
"Westfälische Forschungen : Zeitschrift des LWL-Instituts für Westfälische Regionalgeschichte","http://nwbib.de/HT001381194"
"Westfälische Zeitschrift : Zeitschrift für vaterländische Geschichte und Altertumskunde","http://nwbib.de/HT001349048"
"Westmünsterland : Jahrbuch des Kreises Borken","http://nwbib.de/HT007057556"
"Wirtschaft im Revier : Nachrichten der Industrie- und Handelskammer im Mittleren Ruhrgebiet zu Bochum","http://nwbib.de/HT002212585"
"Wirtschaft Münsterland : für den Kreis Steinfurt","http://nwbib.de/HT015080222"
"Wirtschaftsreport Siegen, Olpe, Wittgenstein / Industrie- und Handelskammer Siegen","http://nwbib.de/HT007016288"
"Wirtschaftsspiegel : amtliches Mitteilungsblatt der Industrie- und Handelskammer Nord-Westfalen","http://nwbib.de/HT007751353"
"Wirtschaftswoche <Düsseldorf> : Pflichtblatt der Wertpapierbörse in Frankfurt und Düsseldorf","http://nwbib.de/HT001392942"
"Wissenschaft und Weisheit : franziskanische Studien zu Theologie, Philosophie und Geschichte","http://nwbib.de/HT005065369"
"Wittgenstein : Blätter des Wittgensteiner Heimatvereins","http://nwbib.de/HT006954259"
"Wo die Lippe springt : Informationsreihe des Heimatvereins Bad Lippspringe e.V.","http://nwbib.de/HT007618107"
"Wüllener Heimatblätter / Heimatverein Wüllen e.V.","http://nwbib.de/HT007049889"
"Xantener Vorträge zur Geschichte des Niederrheins : Jahresband","http://nwbib.de/HT006688030"
"Zeichen der Zeit / Geschichtsverein der Gemeinde Inden e.V.","http://nwbib.de/HT015530956"
"Zeitensprünge : Lübbecke …","http://nwbib.de/HT018815651"
"Zeitschrift des Aachener Geschichtsvereins","http://nwbib.de/HT001350462"
"Zeitschrift des Bergischen Geschichtsvereins : ZBGV","http://nwbib.de/HT001388676"
"Zeitschrift des Geschichtsvereins Mülheim a. d. Ruhr","http://nwbib.de/HT003264538"
"Zeitschrift für Archäologie des Mittelalters : ZAM","http://nwbib.de/HT001371203"
"Zeitschrift für deutsches Altertum und deutsche Literatur : ZfDA","http://nwbib.de/HT005077029"
"Zeitschrift für Dialektologie und Linguistik : ZDL","http://nwbib.de/HT002213051"
"Zeitschrift für Geschichtswissenschaft <Berlin> : ZfG","http://nwbib.de/HT002213091"
"Zeitschrift für Heereskunde / Deutsche Gesellschaft für Heereskunde","http://nwbib.de/HT006888392"
"Zeitschrift für Kommunalfinanzen : ZKF","http://nwbib.de/HT002723080"
"Zeitschrift für Kunstgeschichte : ZfK","http://nwbib.de/HT001391523"
"Zeitschrift für öffentliche und gemeinwirtschaftliche Unternehmen : ZögU","http://nwbib.de/HT002213138"
"Zeitschrift für Parlamentsfragen : ZParl","http://nwbib.de/HT002213146"
"Zeitschrift für Unternehmensgeschichte : ZUG","http://nwbib.de/HT001350159"
"Zeitschrift für Verkehrswissenschaft / Institut für Verkehrswissenschaft, Köln","http://nwbib.de/HT001353728"
"Zeitsprünge : Dormagen von der Steinzeit bis zur Gegenwart","http://nwbib.de/HT007070288"
"Zoologie: Mitteilungen der Deutschen Zoologischen Gesellschaft","http://nwbib.de/HT008611008"
