Urheberkennung	Name der Bibliothek	ISIL-Bibliothek
0001	Berlin SBB [1+1a+1w]	DE-1
0001	Berlin SBB [1+1a+1w]	DE-1
0001	Berlin SBB [1+1a+1w]	DE-1
0001	Berlin SBB (Level 3)	DE-1
0003	Halle UuLB FE3	DE-3
0003	Halle ULB, Sprach-Red	DE-3
0003	Halle ULB	DE-3
0003	Halle UuLB FE1	DE-3
0003	Halle ULB, VD17	DE-3
0003	Halle UuLB FE3	DE-3
0003	Halle UuLB SE3	DE-3
0004	Marburg UB [4]	DE-4
0004	Marburg UB, FE-Red	DE-4
0004	Marburg UB, FE	DE-4
0006	Münster UuLB ONS/SRU RU	DE-6
0007	Goettingen SuUB, SE-Red	DE-7
0007	Goettingen SuUB FE3	DE-7
0007	Goettingen SuUB, Sprach-Red	DE-7
0007	Goettingen SUB FE1	DE-7
0007	Goettingen SuUB, VD17	DE-7
0007	Goettingen SUB (SE Level 3)	DE-7
0007	GOETTINGEN MATH. INST. (LEV. 3)	DE-7-003
0007	Goettingen UB Bibl. d. Jur. Sem.	DE-7-037
0007	Goettingen Sem. Dt. Phil. (L. 3)	DE-7-052
0008	Kiel UB FE3	DE-8
0008	Kiel UB. Sprach-Red.	DE-8
0008	Kiel UB FE1	DE-8
0008	Kiel UB, VD17	DE-8
0008	Kiel UB (Level 3)	DE-8
0008	Kiel UB	DE-8
0009	Greifswald UB FE3	DE-9
0009	Greifswald UB, Sprach-Red	DE-9
0009	Greifswald UB FE1	DE-9
0009	Greifswald UB (Level 3)	DE-9
0012	Muenchen BSB, SE-Red.	DE-12
0012	Muenchen BSB, FE-Red	DE-12
0012	Muenchen BSB, FE	DE-12
0012	Muenchen BSB, Sprach-Red.	DE-12
0012	Muenchen BSB, SE-Red. 2 (Lev. 3)	DE-12
0012	Muenchen BSB, FE 2	DE-12
0014	Dresden SLUB [14]	DE-14
0014	Dresden SLUB, FE	DE-14
0014	Dresden SLUB (Level 3)	DE-14
0014	Dresden SLUB FE4	DE-14
0014	Dresden SLUB SE4	DE-14
0015	Leipzig UB, FE	DE-15
0015	Leipzig UB (Level 4)	DE-15
0016	Heidelberg UB [16]	DE-16
0016	Heidelberg UB, SE	DE-16
0016	Heidelberg UB, FE	DE-16
0016	Heidelberg UB SE-Red (L. 1)	DE-16
0016	Heidelberg UB (Level 3)	DE-16
0016	Heidelberg UB (FE Level 4)	DE-16
0016	Heidelberg UB (SE Level 4)	DE-16
0016	Heidelberg HSbibliographie (L3)	DE-16-250
0016	Heidelberg HSbibliographie (L4)	DE-16-250
0016	Heidelberg UB, SAI, SE	DE-16-77
0016	Heidelberg UB, SAI, FE	DE-16-77
0016	Heidelberg UB, SAI (Level 3)	DE-16-77
0017	Darmstadt ULB [17]	DE-17
0017	Darmstadt ULB, FE-Red	DE-17
0017	Darmstadt ULB, FE	DE-17
0017	Darmstadt ULB, SE-Red	DE-17
0018	Hamburg SUB, SE-Red	DE-18
0018	Hamburg SUB FE3	DE-18
0018	Hamburg SUB, Sprach-Red	DE-18
0018	Hamburg SUB FE1	DE-18
0018	Hamburg SUB, VD17	DE-18
0018	Hamburg SUB Zentr. Normd. FE3	DE-18-312
0018	Hamburg HAW FB LS FE3	DE-18-284
0018	Hamburg HAW (Level 3)	DE-18-302
0018	Hamburg UKE FE3	DE-18-64
0019	Muenchen UB, SE-Red.	DE-19
0019	Muenchen UB, FE-Red.	DE-19
0019	Muenchen UB, FE	DE-19
0020	Wuerzburg UB, FE-Red	DE-20
0020	Wuerzburg UB, FE	DE-20
0021	Tuebingen UB, SE-Red	DE-21
0021	Tuebingen UB, FE	DE-21
0021	Tuebingen UB (Level 3)	DE-21
0021	Tübingen Inst. Kriminolog. FE3	DE-21-110
0021	Tübingen Theologicum FE3	DE-21-31
0021	Tuebingen UB (KIZ) (Level 4)	DE-21
0023	Wolfenbuettel HAB, FE-Red.	DE-23
0023	Wolfenbuettel HAB, FE	DE-23
0023	Wolfenbuettel HAB	DE-23
0023	Wolfenbuettel HAB (Level 3)	DE-23
0024	Stuttgart Württ. LB [24]	DE-24
0024	Stuttgart WLB, SE-Red	DE-24
0024	Stuttgart Wuertt. LB, FE	DE-24
0024	Stuttgart WLB (Level 3)	DE-24
0024	Stuttgart WLB (Level 4)	DE-24
0025	Freiburg UB [25]	DE-25
0025	Freiburg UB [25]	DE-25
0025	Freiburg UB, SE-Red	DE-25
0025	Freiburg UB, FE	DE-25
0025	Freiburg UB (Level 3)	DE-25
0025	Freiburg UB (Level 4)	DE-25
0026	Giessen UB [26]	DE-26
0026	Giessen UB, FE-Red	DE-26
0026	Giessen UB, FE	DE-26
0026	Giessen UB, FE	DE-26
0027	Jena THULB FE3	DE-27
0027	Jena THULB Musik FE3	DE-27
0027	Jena ThULB FE1	DE-27
0027	Jena THULB (Level 3)	DE-27
0028	Rostock UB, FE Red.	DE-28
0028	Rostock UB, FE	DE-28
0028	Rostock UB (Level 3)	DE-28
0029	Erlangen UB, FE-Red	DE-29
0029	Erlangen UB, FE	DE-29
0030	Frankfurt/M StuUB [30]	DE-30
0030	Frankfurt/M StuUB, FE-Red	DE-30
0030	Frankfurt/M StuUB, FE	DE-30
0031	Karlsruhe BLB, FE	DE-31
0031	Karlsruhe BLB (Level 3)	DE-31
0031	Karlsruhe BLB (Level 4)	DE-31
0032	Weimar HAAB FE3	DE-32
0032	Weimar HAAB FE1	DE-32
0032	Weimar HAAB, VD17	DE-32
0032	Weimar HAAB FE3	DE-32
0032	Weimar HAAB SE3	DE-32
0033	Schwerin LBMV, FE	DE-33
0033	Schwerin LBMV (Level 3)	DE-33
0034	Kassel GHB [34]	DE-34
0034	Kassel GHB, FE-Red	DE-34
0034	Kassel GHB, FE	DE-34
0035	Hannover NLB, FE	DE-35
0035	Hannover NLB, VD17	DE-35
0036	Mainz StBi [36]	DE-36
0036	Mainz StBi, FE-Red	DE-36
0036	Mainz StBi, FE	DE-36
0038	Koeln UuSTB, SE	DE-38
0043	Wiesbaden LB [43]	DE-43
0043	Wiesbaden LB [43], FE-Red	DE-43
0043	Wiesbaden LB [43], FE	DE-43
0045	Oldenburg LB, FE	DE-45
0046	Bremen SuUB FE3	DE-46
0046	Bremen SuUB FE1	DE-46
0046	Bremen SuUB Musik FE3	DE-46
0048	Luebeck StB FE1	DE-48
0056	Braunschweig StBi VD17	DE-56
0056	Braunschweig StBi	DE-56
0059	Chemnitz STB (Level 3)	DE-59
0066	Fulda HLB [66]	DE-66
0066	Fulda HLB, FE-Red	DE-66
0066	Fulda HLB, FE	DE-66
0068	Kiel LB, FE	DE-68
0068	Kiel LB SE3	DE-68
0075	Nuernberg StB, FE	DE-75
0077	Mainz UB [77]	DE-77
0077	Mainz UB, FE-Red	DE-77
0077	Mainz UB, FE	DE-77
0083	Berlin UB TU, SE	DE-83
0083	Berlin UB TU, FE	DE-83
0083	Berlin, UB TU, GKD	DE-83
0084	Braunschweig UB TU, FE	DE-84
0089	Hannover TIB FE3	DE-89
0089	Hannover TIB/UB (Level 3)	DE-89
0090	Karlsruhe UB, FE	DE-90
0090	Karlsruhe UB (KIT) (Level 3)	DE-90
0090	Karlsruhe UB (KIT) (Level 4)	DE-90
0091	Muenchen TU, FE-Red	DE-91
0091	Muenchen TU, FE	DE-91
0093	Stuttgart UB [93]	DE-93
0093	Stuttgart UB, FE	DE-93
0093	Stuttgart UB (Level 3)	DE-93
0093	Stuttgart UB (Level 4)	DE-93
0095	Hannover TierHS, FE-Red	DE-95
0095	Hannover TierHS, FE	DE-95
0100	Stuttgart UB Hohenheim, FE	DE-100
0100	Stuttgart-Hoh. KIM (Level 3)	DE100
0100	Stuttgart-Hoh. KIM (Level 4)	DE-100
0103	SBB / ZKA	DE-611
0103	SBB / ZKA (Level 1)	DE-611
0103	SBB / ZKA (Level 1)	DE-611
0104	Clausthal-Z. UB [104]	DE-104
0105	Freiberg TU BA, FE	DE-105
0105	Freiberg TU BA (Level 3)	DE-105
0105	Freiberg TU BA (Level 4)	DE-105
0125	Zwickau RSB	DE-125
0125	Zwickau RSB SE3	DE-125
0180	Mannheim UB, FE	DE-180
0180	Mannheim UB (Level 3)	DE-180
0180	Mannheim UB (Level 4)	DE-180
0188	Berlin UB FU, SE-Red	DE-188
0204	Berlin IAI FE1	DE-204
0204	Berlin IAI FE3	DE-204
0206	Kiel ZBW [206]	DE-206
0206	Kiel ZBW WGL FE1	DE-206
0206	Kiel ZBW WGL FE3	DE-206
0208	Karlsruhe BGH (Level 3)	DE-208
0212	Stuttgart Inst. Auslandsbez, FE	DE-212
0212	Stuttgart IFAS SE3	DE-212
0253	Braunschweig FAL, FE	DE-253
0255	München ZIKG [255]	DE-255
0255	Muenchen ZIKG, FE-Red.	DE-255
0255	München ZIKG [255]	DE-255
0255	Rom Bibl. Hertziana [Y2]	DE-Y2
0255	Rom Bibl. Hertziana [Y2]	DE-Y2
0255	Florenz KHI [Y3]	DE-Y3
0255	Florenz KHI, FE-Red.	DE-Y3
0255	Florenz KHI [Y3]	DE-Y3
0255	Paris DFK, SE	DE-Y7
0255	Paris DFK, FE	DE-Y7
0281	Berlin Bundestag Bibliothek FE3	DE-281
0289	Ulm UB, FE	DE-289
0289	Ulm UB (KIZ) (Level 3)	DE-289
0289	Ulm UB (KIZ) (FE Level 4)	DE-289
0291	Saarbrücken UuLB [291]	DE-291
0291	Saarbrücken SULB [291]	DE-0291
0291	Saarbruecken SULB, FE	DE-291
0291	Saarbruecken SULB (Level 3)	DE-291
0291	Saarbruecken SULB (Level 4)	DE-291
0296	Singen Hegau-B	DE-296
0352	Konstanz UB [352]	DE-352
0352	Konstanz UB, FE	DE-352
0352	Konstanz UB (Level 3)	DE-352
0352	Konstanz UB (Level 4)	DE-352
0354	Hannover Med HS, FE	DE-354
0354	Hannover Med. HS (Level 3)	DE-354
0355	Regensburg UB, SE-Red	DE-355
0355	Regensburg UB, FE-Red	DE-355
0355	Regensburg UB, FE	DE-355
0384	Augsburg UB, SE-Red	DE-384
0384	Augsburg UB, FE-Red.	DE-384
0384	Augsburg UB, FE	DE-384
0384	Augsburg UB, VD17	DE-384
0460	Darmstadt Staatsarchiv	DE-460
0468	Wuppertal UB [468]	DE-468
0473	Bamberg UB, FE-Red	DE-473
0473	Bamberg UB, FE	DE-473
0500	HBZ	DE-605
5000	HBZ / Zentralredaktion	DE-605
0500	HBZ / SE Red.	DE-605
0500	HBZ, FE	DE-605
0517	Potsdam UB, FE	DE-517
0521	Frankfurt/O UB, FE-Red.	DE-521
0521	Frankfurt/O UB, FE	DE-521
0522	Brandenburg FH, FE	DE-522
0523	Berlin HTW, FE	DE-523
0526	Wildau TH, FE	DE-526
0540	Dresden HfBK FE Lev. 3	DE-540
0547	Erfurt UB FE1	DE-547
0547	Erfurt UB FE3	DE-547
0547	Erfurt/Gotha UFB, VD17	DE-547
0563	Rostock HS Musik L. 3	DE-563
0600	HEBIS	DE-603
0600	HEBIS, SE-Red	DE-603
0600	HEBIS, FE-Red.	DE-603
0600	HEBIS, FE	DE-603
0614	Muenster Int.Port.Westf.Gesch	DE-614
0631	Stuttgart LABI BAW (Level 1)	DE-631
0700	Osnabrueck UB, FE	DE-700
0703	Bayreuth UB [703], FE-Red	DE-703
0703	Bayreuth UB, FE	DE-703
0705	Hamburg UniBW (HSU), FE	DE-705
0706	Muenchen UniBW, FE-Red	DE-706
0706	Muenchen UniBW, FE	DE-706
0715	Oldenburg BIS, FE	DE-715
0739	Passau UB, FE-Red	DE-739
0739	Passau UB, FE	DE-739
0747	Weingarten HSB (Level 3)	DE-747
0755	Emden/Leer FH, FE	DE-755
0824	Eichstaett UB, FE-Red	DE-824
0824	Eichstaett UB, FE	DE-824
0830	Hamburg UB TU, FE	DE-830
0830	Hamburg TUHH FE1	DE-830
0832	Koeln FHB, SE	DE-832
0834	Braunschweig HBK (Level 3)	DE-834
0839	WHV Jade Hochschule FE3	DE-839
0839	Wilhelmshaven FH, GKD	DE-839
0839	WHV Jade Hochschule FE1	DE-839
0897	Elsfleth Jade HS	DE-897-1
0897	Oldenburg Jade-Hochschule FE3	DE-897
0916	Wolfenbuettel FH, GKD	DE-916
0916	Wolfenbuettel Ostfalia HS (Lev3)	DE-916
0929	Koblenz LB [929]	DE-929
0955	Rottenburg HS Forstw	DE-955
0960	Hannover FHB, FE	DE-960
0969	Wiesbaden FHB [969]	DE-969
0969	Wiesbaden FHB, FE-Red	DE-969
0969	Wiesbaden FHB, FE	DE-969
0974	Giessen-Friedberg FHB [974]	DE-974
0974	Giessen-Friedberg FHB, FE-Red	DE-974
0974	Giessen-Friedberg FHB, FE	DE-974
0984	Schwäbisch Gmünd HS Gestalt.	DE-984
0996	Hannover HMTM/FMG, FE	DE-996
0996	Hannover HMT, GKD	DE-996
0996	Hannover HMTM SE3	DE-996
1015	Darmstadt Ev. HS	DE-1015
1015	Darmstadt Ev. HS	DE-1015
1030	SBB / Sacherschliessung	DE-1
1031	SBB, FE-Red	DE-1
1031	SBB, FE	DE-1
1031	SBB, Sprach-Red	DE-1
1031	SBB, VD17	DE-1
1158	Guestrow FH oeff. Verw., GKD	DE-1158
1373	Hamburg HafenCity FE3	DE-1373
1400	OBV / UB WIEN (SWD)	AT-OBV
1401	OBV (PND)	AT-OBV
1401	OBV, FE-Red	AT-OBV
1401	OBV, FE	AT-OBV
1402	OENDV, FE	AT-NOELB
1403	OENDV (Normdaten)	AT-NOeLB
1403	OENDV Normdaten-Red. (Level 1)	AT-NOELB
1500	Suedwest-Verbund	DE-576
1501	BSZ Baden-Wuerttemberg - SWD	DE-576
1502	BSZ, Sonstige SWB-Bibl., FE	DE-576
1510	BSZ Baden-Wuerttemberg - PND	DE-576-2
1520	Reutlingen EKZ	DE-Rt5
1600	Bern NB	CH-000001-5
1610	IDS-SE	CH-IDSGNDS
1620	Bern BSG	CH-000001-5
1620	Bern BSG	CH-000001-5
1702	Neuendetttelsau VThK (THB)	DE-613
1703	Bremen Stiftung FLF / DaSinD, FE	DE-Bre15
1704	Bonn GESIS (SE-Red.)	DE-587b
1705	Koblenz Bundesarchiv, FE	DE-12
1706	Braunschweig PTB, FE	DE-Bs68
1707	Braunschweig GEI, FE	DE-Bs78
1708	Dresden SLUB, Digi-Projekt	DE-14
1711	Berlin DZA FE3	DE-B1562
1712	Gatersleben IPK FE3	DE-Gat1
1713	Kiel FH FE3	DE-Ki95
1714	Hamburg GBB/MKGH FE3	DE-H22
1715	Berlin Stiftung Aufarbeitung, FE	DE-B1548
1716	Frankfurt DIF	DE-Wi17FP
1716	Frankfurt DIF	DE-Wi17FP
1717	Hildesheim Dombibliothek	DE-Hil6
1718	Berlin BfR, GKD	DE-B12
1719	Hannover Landtag FE3	DE-Hv14
1719	Hannover LT Nie (GKD)	DE-Hv14
1719	Hannover Landtag FE1	DE-Hv14
1719	Hannover LT Nie (Level 3)	DE-Hv14
1720	Karlsruhe BFI, GKD	DE-Ka51
1721	Jena FLI, GKD	DE-J120
1722	Weimar HS Musik, FE	DE-Wim8
1723	Berlin Hertie School, GKD	DE-B1570
1724	Hildesheim Nieders. LRH, FE	DE-Hil5
1724	Hildesheim Nieders. LRH, GKD	DE-Hil5
1725	Wismar FH, FE	DE-Wis1
1725	Wismar FH, GKD	DE-Wis1
1726	Muenster Int.Port.Westf.Gesch.	DE-614
1727	Berlin Dt. Inst.f.Menschenr.,FE	DE-B1547
1728	Marburg Hess Landesamt, FE	DE-Mb107
1728	Marburg Hess Landesamt, LAGIS	DE-Mb107
1729	Emden JALB, FE	DE-Em2
1730	Goettingen GWDG, FE	DE-Goe168
1732	Hamburg Bucerius Law School, FE	DE-H360
1733	Ilmenau UB, FE	DE-Ilm1
1734	Jena FH, FE	DE-J59
1735	Jena Thuering. OLG, FE	DE-J153
1736	Magdeburg UB, FE	DE-Ma9
1737	Oldenburg Ev.Luth. Oberk., FE	DE-Old3
1737	Oldenburg Ev.Luth.Oberk. (Lev.3)	DE-Old3
1738	Schmalkalden FH, FE	DE-Shm2
1739	Vechta UB, FE	DE-Va1
1740	Weimar UB, FE	DE-Wim2
1742	Chemnitz UB (Level 3)	DE-CH1
1742	Chemnitz UB (Level 4)	DE-Ch1
1744	Braunschweig HAUM, FE	DE-Bs75
1745	Bremen La.ki.Bibl., GKD	DE-Bre4
1746	Goettingen Otto-Hahn-Bibl., GKD	DE-Goe116
1748	Berlin PTB, GKD	DE-B108
1749	Osnabrueck FH Teilb. Musik, GKD	DE-959-2
1750	Marburg FSt Personalschriften FE	DE-Mb108
1751	Dresden ISGV SAEBI	DE-D174a
1752	Marburg Ev. HS Tabor, FE	DE-Mb109
1753	Berlin UdK, SE	DE-B170
1753	Berlin UdK, FE	DE-B170
1756	Gotha Schlossmuseum Bibl.	DE-G16
1757	Kiel IFM-GEOMAR	DE-Ki109
1758	Cottbus BTU, SE	DE-Co1
1758	Cottbus BTU, FE	DE-634
1758	Cottbus BTU, GKD	DE-634
1759	Eberswalde FH, FE	DE-Eb1
1761	Senftenberg BTU, FE	DE-634
1762	Potsdam TFA	DE-Po84
1763	Halle Franckesche Stiftungen, FE	DE-Ha33
1764	Marbach DLA	DE-Mar1
1764	Marbach DLA SE1	DE-Mar1
1765	Marburg DFG-Projekt Thenom	DE-Mb111
1766	Foto Marburg (Level 1)	DE-Mb112
1766	Marburg Foto (Level 3)	DE-Mb112
1767	Bad Koesen Landesschule Pforte	DE-Pf1
1768	Halle/S Marienbibliothek	DE-Ha32
1769	Bern HLS Schweiz	CH-001499-7
1770	Bern DoDIS	CH-001661-0
1771	Bern Foto CH	CH-001651-4
1772	Muenchen BMLO	DE-M512
1773	Goettingen Germ. Sacra, FE	DE-Goe172
1774	Goettingen Sanskrit Woerterbuch	DE-7-911
1775	Zuerich SIK, FE	CH-000479-X
1776	Basel UB Porträtsammlung, FE	CH-BaUGNF
1777	Berlin Wikimedia Deutschland	DE-B1592
1778	Beirut Orient-Institut	DE-Y9
1779	Bremen Forschungsst. Osteuropa	DE-Bre12
1780	Wiesbaden Hess. Hauptstaatsarch.	DE-Wi1
1780	Wiesbaden Hess. Hauptstaatsarch.	DE-Wi1
1781	Muencheberg Senckenberg DEI	DE-B15
1781	Muencheberg Senckenberg DEI	DE-B15
1782	Frankfurt Staedel Museum	DE-F10
1782	Frankfurt Staedel Museum	DE-F10
1783	Bad Homburg Stadtarchiv	DE-Hog1
1783	Bad Homburg Stadtarchiv	DE-Hog1
1784	Mainz NHM Naturhistor. Museum	DE-Mz119
1784	Mainz NHM Naturhistor. Museum	DE-Mz119
1785	Mittweida HS (Level 3)	DE-Mit1
1786	Zwickau HS (Level 3)	DE-Zwi2
1787	Dresden LFA Sachsen (Level 3)	DE-D115
1787	Dresden LFA Sachsen SE3	DE-D115
1788	Dresden HFM (Level 3)	DE-D117
1789	Dresden SKD (Level 3)	DE-D13
1790	Freiburg MFO (Level 3)	DE-Frei3c
1791	Freiburg Caritas Bibl. (Level 3)	DE-Frei26
1792	Freiburg MPI CC (Level 3)	DE-Frei85
1793	Freiburg DVA (Level 3)	DE-Frei99
1794	Freiburg ABI (Level 3)	DE-Frei119
1795	Freiburg Augustiner-Museum (L3)	DE-Frei123
1796	Kehl HS (Level 3)	DE-Kh1
1797	Offenburg HS (Level 3)	DE-Ofb1
1798	Heidelberg PH (Level 3)	DE-He76
1799	Heidelberg MPIL (Level 3)	DE-B208
1800	Stuttgart LABW FE3	DE-1951
1801	Karlsruhe BVerfG (Level 3)	DE-Ka26
1802	Karlsruhe HfM (Level 3)	DE-Ka84
1803	Karlsruhe ZKM (Level 3)	DE-Ka88
1804	Karlsruhe Kunsthalle (Level 3)	DE-Ka23
1805	Leipzig Bach-Archiv (Level 3)	DE-L326
1806	Leipzig BVerwG (Level 3)	DE-B791
1807	Leipzig HTWK (Level 3)	DE-L189
1808	Leipzig HMT (Level 3)	DE-L152
1809	Mannheim MUHO (Level 3)	DE-Mh31
1810	Mannheim TECHNOSEUM (Lev. 3)	DE-Mh34
1811	Stuttgart LKZB (Level 3)	DE-Stg117
1812	Stuttgart Haus Birkach (Level 3)	DE-Stg257
1813	Stuttgart HDG (Level 3)	DE-Stg269
1814	Stuttgart MH (Level 3)	DE-Stg111
1815	Stuttgart Stadtarchiv (Level 3)	DE-Stg277
1816	Trossingen MH (Level 3)	DE-Trs1
1817	Stuttgart WABW (Level 3)	DE-Stg256
1818	Ludwigsburg DFI (Level 3)	DE-Lg3
1818	Ludwigsburg DFI SE3	DE-Lg3
1819	Rottenburg DioezesanB (Level 3)	DE-Rot2
1820	Sigmaringen STA (Level 3)	DE-Sig1
1821	Tuebingen JS (Level 3)	DE-21-24
1822	München Goethe-Zentr. (Level 3	DE-M504
1823	Hamburg MPI Priv. (Level 3)	DE-B212
1824	Kassel documenta Archiv (Lev. 3)	DE-Ks17
1825	Nuernberg GNM (Level 3)	DE-N1
1826	Speyer DHV (Level 3)	DE-Sp3
1827	Hannover Ev.Luth.Landesk.(Lev.3)	DE-Hv111
1828	Berlin GSTA (FE Level 3)	DE-B41
1828	Berlin GSTA (SE Level3)	DE-B41
1829	Berlin SIM (FE Level 3)	DE-B763
1829	Berlin SIM (SE Level 3)	DE-B763
1830	Berlin KB (FE Level 3)	DE-B11
1830	Berlin KB (SE Level 3)	DE-B11
1831	Darmstadt HLM (Level 1)	DE-Ds82
1831	Darmstadt HLM (Level 3)	DE-Ds82
1832	Tübingen Brechtbau-Bib (Lev. 3	DE-21-108
1833	Reutlingen HSB (Level 3)	DE-Rt2
1834	Mannheim MZES (Level 3)	DE-180-4-2
1835	Goerlitz OLB (Level 3)	DE-Gl2
1836	Dresden HAIT (Level 3)	DE-D264
1837	Esslingen Stadtarchiv (Level 3)	DE-Ess4
1838	Hamburg HS Musik (Level 3)	DE-18-258
1839	Hildesheim UB (Level 3)	DE-Hil2
1840	Erfurt TFM (Level 3)	DE-Ef32
1841	Stuttgart Lindenmuseum (Level 3)	DE-Stg5
1842	Zittau/Goerlitz HS (Level 3)	DE-Zi4
1843	Weimar TLDA FE3	DE-Wim7
1844	Aurich LandschaftsB (Level 3)	DE-Au3
1845	Berlin AdW B (Level 3)	DE-B4
1846	Berlin AdW GRA (Level 3)	DE-B4-556
1847	MPI Bildungsforsch. (Level 3)	DE-B1532
1848	Center for World Music (Level 3)	DE-Hil8
1849	Hamburger Kunsthalle (Level 3)	DE-H13
1850	Hamburg Ärztl. Verein (Lev. 3)	DE-H20
1851	Museum Arbeit Hamburg (L. 3)	DE-H353
1852	Mus. Hamburg. Geschichte (L. 3)	DE-H77
1853	Rostock Inst.Ostseefor. FE L. 3	DE-Wa1
1854	Dummerstorf Inst Nutztierbiol.	DE-R48
1855	Hamburg, Bibliothek Geowiss.	DE-H144
1856	Museum am Rothenbaum	DE-H16
1857	Kassel MHK	DE-Ks14
1858	Tuebingen IxTheo (FE Lev. 3)	DE-Tue135
1859	Mannheim IDS WGL	DE-Mh39
1860	Stuttgart Landesmuseum	DE-Stg266
1861	Loerrach Duale Hochschule BW	DE-Loer2
1862	Bremerhaven A.-Wegener-Inst.	DE-Bv2
1863	Hamburg Nordkirchenbibliothek	DE-H99
1864	Freiburg HS Musik Bibl.	DE-Frei50
1865	Saarbruecken Stift. Kulturbesitz	DE-Sa27
1866	Bochum HSG FE3	DE-1866
1867	Weimar Hauptstaatsarchiv	DE-Wim6
1868	Zuerich, GTA (FE 3)	CH-001803-8
1869	Nuertingen HKT-Bibl. FE3	DE-1869
1870	Frankfurt/M HFMDK (FE 1)	DE-F78
1870	Frankfurt/M HFMDK (SE1)	DE-F78
1870	Frankfurt/M HFMDK (FE 3)	DE-F78
1871	Hamm ZfW	DE-1871
1873	Fulda Priesterseminar (FE 1)	DE-Ful2
1874	Luebeck MusikHS	DE-Lue12
1875	FFM Frau und Musik Level 3	DE-Ks15
1876	FFM Stadtgeschichte Level 3	DE-F186
1877	FFM FDH/FGM Level 3	DE-F25
1878	FFM ARCHAEOL. MUS. Level 3	DE-F225
1879	FFM Kunsthandwerksmus. Level 3	DE-F146
1880	FFM DIF Level 3	DE-Wi17
1881	FFM DAM Level 3	DE-F219
1882	OF Klingspor-Mus. Level 3	DE-Of2
1883	FFM Hist. Mus. Level 3	DE-F207
1884	FFM Rat f. Formgebung Level 3	DE-Ds108
1885	NB, Alphabet. Katalog., Red.	CH-001821-6
1885	NB, Alphabet. Katalog.	CH-001821-6
1886	NB, Periodika, Redaktion	CH-001821-6
1886	NB, Periodika	CH-001821-6
1887	NB, e-Helvetica, Redaktion	CH-001821-6
1887	NB, e-Helvetica	CH-001821-6
1888	NB, Helvetica, ONS/SRU RU	CH-001821-6
1889	NB HelveticArchives Red FE1	CH-001821-6
1889	NB HelveticArchives Red FE3	CH-001821-6
1923	Normdaten	DE-101
1925	Kalliope-Verbund	DE-611
1926	Lippstadt ZfW	DE-1926
1971	FFM Weltkulturen Mus. SE3	DE-1971
1973	FFM STAEDELSCHULE Level 3	DE-1973
1973	FFM Staedelschule SE3	DE-1973
1975	FFM MUS. MOD. KUNST Level 3	DE-1975
1978	FFM MUS. KOMMUNIKATION Level 3	DE-1978
1979	FFM JUED. MUS. Level 3	DE-1979
1995	Weitere Bibliotheken 1	DE-600
1995	Weitere Bibliotheken 1	DE-600
1996	Weitere Bibliotheken 2	DE-600
1999	Berlin BGK	DE-109
2008	Bonn FIZ Bundeswehr	DE-1073
2100	HG Kreisarchiv (FE Level 1)	DE-1962
2101	MPI Aesthetik (FE Level 1)	DE-2177
2102	Thurgau Kantonsbibl SE1	CH-000086-2
2102	Thurgau Kantonsbibl FE3	CH-000086-2
2103	Eisenbibliothek Schlatt (SE 3)	CH-000728-7
2104	NB, e-codices (FE, Lev. 4)	CH-001667-5
2105	ExLibris	DE-632
2106	Berlin Bundesrat FE Level 3	DE-Bo151
2107	Graz Steiermaerk. LB SE3	AT-LBST
2108	OBVSG SE Level 1	AT-OBVSG
2109	Karlsruhe Badisches Landesmus.	DE-Ka23a
2110	Mannheim MARCHIVUM SE3	DE-Mh40
2111	Gotha Schlossmuseum FE3	DE-G16
2112	Frankfurt/M CIBEDO	DE-2287
2113	Weil/Rhein vdmb FE3	DE-Wlr1
2114	Berlin AA SE3	DE-B19
2115	Freiburg Staatsarchiv FE3	DE-Frei145
2116	Salem KrsB FE3	DE-Sam1
2117	Hamburg ZB Behoerden FE3	DE-H216
2118	Wernigerode Harzbuecherei FE3	DE-We21
2119	Halle/S Dt Akad Naturfor FE3	DE-Ha2
2120	Bremen Seeverkehrswirtschaft FE3	DE-Bre2
2121	Zuerich ETHB FE1	CH-ZuETHB
2122	Bern UB FE1	CH-BeUB
2123	Bremen StB FE3	DE-478
2124	Bremen Ueberseemuseum FE3	DE-Bre3
2125	Konstanz BSZ/MusIS FE3	DE-576-3
2129	Esslingen Kreisarchiv	DE-Ess6
2130	Hamburg HfBK FE3	DE-18-26
2133	Mainz Stadtarchiv Bibliothek FE1	DE-2397
2134	Koethen HSB HSA FE3	DE-Kt1
2135	Bremen ZMT FE3	DE-Bre14
2138	HSC SE1	DE-2489
2139	Duesseldorf ArchBiblEvKirche SE3	DE-Due72
2140	Leipzig Museum Voelkerkunde SE3	DE-L228
2141	Boppard Ev. Archivstelle SE3	DE-Bpd1
2142	Berlin DGAP SE3	DE-F131
2143	Berlin SWP SE3	DE-B1567
2144	Bonn BICC SE3	DE-2421
2145	Bonn DIE SE3	DE-B1503
2146	Frankfurt HSFK SE3	DE-F197
2147	Hamburg GIGA SE3	DE-H221
2148	Hamburg IFSH SE3	DE-18-226
2149	Regensburg RIOS SE3	DE-Re13
2150	Stuttgart Landesarchiv A1u2 FE3	DE-Stg285
2151	StadtALB FE3	DE-Lg4
2152	DHI Rom FE3	DE-2491
2153	Bautzen Sorbisches Institut SE3	DE-Bn1
2154	Hamburg Zeitgeschichte FE3	DE-H250
2155	Bad Oldesloe Kreisarchiv FE3	DE-2410
2164	Mainz Martinus-Bibl. FE1	DE-Mz2
2164	Mainz  Martinus-Bibl. FE3	DE-Mz2
2165	Frankfurt/M Fritz Bauer Inst. FE	DE-2508
2166	Rottweil Kreisarchiv FE3	DE-2156
2167	Karlsruhe HSB FE3	DE-751
2168	Freiburg PH FE3	DE-Frei129
2170	Berlin MPI Wiss.-Gesch. FE3	DE-B2226
2171	Clausthal-Z. UB FE3	DE-104
2172	Stade Landsch.-Verb. FE3	DE-Sta5
2173	Halle/S IWH FE3	DE-2173
2174	Berlin VÖBB Redaktion	DE-609
2174	Berlin VÖBB	DE-609
2175	Leipzig IFL GZB SE3	DE-185
2182	Stuttgart Hochsch Medien SE3	DE-958
2184	Kiel digiCULT-Verbund FE3	DE-2436
2186	Luebeck ZHB FE3	DE-841
2187	Koeln LVR-Dez. Kultur FE3	DE-2624
2188	Bonn LVR-LandesMuseum FE3	DE-Bo1
2189	Bern RISM CH FE1	CH-001555-8
2189	Bern RISM CH FE3	CH-001555-8
2190	Hamburg Kuehne Logistics UB FE3	DE-H376
2192	Gera DHGE FE3	DE-Ga20
2193	Bingen TH FE1	DE-Bin1
2193	Bingen TH FE3	DE-Bin1
2194	Limburg Dioez.-Bibl. FE1	DE-Li2
2194	Limburg Dioez.-Bibl. FE3	DE-Li2
2198	Leipzig GWZO FE3	DE-L327
2199	Furtwangen HS FE3	DE-Fn1
2200	Tuebingen KirchenmusikHS FE3	DE-Ess3
2201	Weimar Klassik Stiftung	DE-638
2202	Neubrandenburg HS FE3	DE-519
2203	Berlin EHB F3	DE-B1556
2204	Magdeburg MPI DKTS FE3	DE-Ma54
2206	Hannover NLD FE3	DE-2300
2207	Frankfurt/M. FSI FE1	DE-30-160
2208	Berlin KHSB FE3	DE-B2224
2209	Eutin LB FE3	DE-138
2210	Magdeburg Kulturhist Museum FE3	DE-Ma33
2211	Potsdam Zeithist Forsch FE3	DE-Po82
2212	Leipzig StB FE3	DE-197
2213	Hannover BGR SE3	DE-Hv112
2214	Gotha FB FE1	DE-39
2214	Gotha FB FE3	DE-39
2214	Gotha FB SE3	DE-39
2215	Zürich ZB SE1	CH-ZuZBS
2217	Reinach Pro Acta FE1	CH-002093-6
2218	LEO-BW-REGIONAL RED SE3	DE-641
2221	Ludwigsburg PH FE3	DE-Lg1
2222	Sigmaringen LRA FE3	DE-Sig4
2223	Biberach HBC FE3	DE-949
2224	Dresden HTW FE3	DE-520
2225	Dresden Senckenberg Geologie FE3	DE-D29
2226	Dresden Senckenberg Zoologie FE3	DE-D5
2227	Dresden Palucca-HS Tanz FE3	DE-2296
2228	Leipzig Samuel Heinicke Sch FE3	DE-L245
2230	Bregenz Vorarlberger LB SE1	AT-VLB
2231	Vaduz Liechtensteinische LB SE1	LI-VaLIL
2234	Offenbach Ledermuseum	DE-Of1
2235	Berlin Berlinische Galerie	DE-B1586
3032	Berlin BBF/DIPF	DE-B478
3032	Frankfurt/M DIPF	DE-F43
3110	Lueneburg UB, FE	DE-Luen4
4025	KÃ¶ln HBZ Elektron. Zsn [WWW 2]	DE-WWW2
4048	Witzenhausen Arch Jugendbew FE1	DE-2355
7777	GBV (GND)	DE-601
7777	GBV (GND)	DE-601
7777	GBV, FE	DE-601
7777	GBV, FE	DE-601
8007	Nationallizenzen (Paketpaten)	DE-600
8007	Nationallizenzen (Paketpaten)	DE-600
8012	Ev. Landeskirche Wuerttemberg	DE-Stg117
8100	Klagenfurt UB	AT-UBK
8109	Linz UB	AT-UBL
8110	Salzburg Univ. Mozarteum	AT-UBMS
8111	Salzburg UB	AT-UBS
8112	Graz UB	AT-UBG
8116	Innsbruck UB	AT-UBI
8117	Wien Kammer ArbeiterAngest.	AT-AKW
8121	Wien Oester. Akad. Wiss.	AT-OeAW
8122	Wien Oester. NB	AT-OeNB
8123	Wien Akad. bild. Künste SRU RU	AT-UBABW
8124	Wien Univ.angew.Kunst	AT-UBAW
8125	Wien Univ. Bodenkultur	AT-UBBW
8126	Wien Med. Univ. UB	AT-UBMUW
8127	Wien Univ. Musik Kunst	AT-UBMW
8128	Wien TU UB	AT-UBTUW
8129	Wien Veterinaermedizin.Univ.UB	AT-UBVUW
8130	Wien Univ. UB	AT-UBW
8131	Wien Wirtschaftsuniv. UB	AT-UBWW
8132	Wien Verbund Bildung Kultur	AT-VBK
8134	Fachhochschule St. PoÌˆlten	AT-FHSTP
8135	Fachhochschule Burgenland	AT-FHB
8136	Wien Bundesmin. f. Finanzen Bibl	AT-BMF
8137	Wien Max Perutz Library	AT-IMP
8138	Salzburg Stiftung Mozarteum	AT-MOZ
8139	Klagenfurt Landesmus. Kärnten	AT-LMK
8140	Wien MAK Österr. Mus. f. angew	AT-MAKW
8141	Wien Öster. Mus. f. Volkskunde	AT-VKW
8142	Graz FH d. Wirtschaft Campus 02	AT-FHWG
8143	Krems Donau Univ. Bib. SRU RU	AT-DUK-B
8144	Salzburg FH Bib. Kuchl. Urstein	AT-FHS
8145	Wien Mediathek	AT-FHCW
8146	Wien FH Studieng Wirtschaftskamm	AT-FHWW
8147	Linz OberoÌˆster Landeskulturein	AT-OOeLK
8148	Salzburg Paracelsus Med Priv Uni	AT-PMUS
8149	Wien Wienbibliothek	AT-WBR
8150	Wien DioÌˆzesanbibliothek	AT-DBW
8151	Wien Jüd. Mus.	AT-JWM
8152	Linz Lentos Kunstmuseum	AT-LENT
8153	Leoben MUL	AT-UBMUL
8154	Admont Benediktinerstift	AT-STFTADMONT
8155	GRAZ TU HB	AT-UBTUG-HB
8156	Wien Wiesenthal Inst. Holocaust	AT-VWIHS
8157	SLSP Zürich	CH-ZuSLS
8158	Linz  Anton Bruckner Privatuniv.	AT-ABPU
8159	DioÌˆzese Linz	AT-DLI
8160	Wien FH bfi	AT-FHBFIW
8161	FH Kärnten Bibliothek	AT-FHK
8162	FH Joanneum Bibliothek	AT-FHJ
8163	FH OberoÌˆsterreich Bibliothek	AT-FHOOe
8164	Fachhochschule Technikum Wien	AT-FTW
8165	Bundesministerium BMEIA	AT-BMA
8166	DioÌˆzesanbibliothek Salzburg	AT-DBSBG
8167	DioÌˆzese St. PoÌˆlten	AT-DSP
8168	Salzburger Landesarchiv	AT-SLA
8169	Zisterzienserstift Heiligenkreuz	AT-STFTHLGKR-BIB
8170	MODUL University Vienna	AT-MUV
8171	New Design University	AT-NDU
8172	Albertina Wien	AT-GSA
8173	DioÌˆzese Gurk-Klagenfurt	AT-DBGK
8174	Sigmund-Freud-Privatstiftung	AT-SFP
8175	Galerie Belvedere, Bibliothek	AT-OeGW
8176	Burgenland PH	AT-PHB
8177	Wien AT Parlamentsbibliothek	AT-PARL
8178	Wien BMI SIAK Bibliothek	AT-SIAK
8179	Kufstein FH, Bibliothek	AT-FKU
8180	Graz KUG UB	AT-UBMG
8181	Salzburg Museum	AT-MCA
8182	Graz Medizinische Universität	AT-UBMUG
8478	Luzern ZHB SE1	CH-LnZHB
8500	OBVSG Wien	AT-OBV
8508	Linz UB künst. indust. Gestal.	AT-UBGL
8897	München Bay. Verdienstorden	DE-2045
8999	Muenchen BVB-Zentrale	DE-12
9001	ZR Titel	DE-600
9001	ZR Titel	DE-600
9001	SBB ZR Titel, FE Red	DE-600
9002	ZR GKD	DE-1
9002	Berlin SBB ZR GKD FE1	DE-1
9003	GKD-Redaktion DDB Frankfurt	DE-101
9004	GKD-Redaktion BSB	DE-12
9005	GKD-Redaktion Oesterreich	AT-OBV
9009	Offline GKD BSZ	DE-576
9019	GKD-Redaktion DDB Leipzig	DE-101
9019	GKD-Redaktion DDB Leipzig	DE-101
9999	OFFLINE	DE-101




